source_table,source_sheet,source_column,series_name,region,subregion,product,metric,unit,period_type
NUS,Data 6,WO3ST_NUS_1,weekly U.S. Ending Stocks of Reformulated RBOB with Alcohol Gasoline Blending Components,U.S.,,Ending Stocks of Reformulated RBOB with Alcohol Gasoline Blending Components,Ending Stocks of Reformulated RBOB with Alcohol Gasoline Blending Components,Thousand Barrels,weekly
NUS,Data 6,WO4ST_NUS_1,weekly U.S. Ending Stocks of Reformulated RBOB with Ether Gasoline Blending Components,U.S.,,Ending Stocks of Reformulated RBOB with Ether Gasoline Blending Components,Ending Stocks of Reformulated RBOB with Ether Gasoline Blending Components,Thousand Barrels,weekly
NUS,Data 6,W_EPC0_SAX_NUS_MBBL,weekly U.S. Ending Stocks excluding SPR and including Lease Stock of Crude Oil,U.S.,,Ending Stocks excluding SPR and including Lease Stock of Crude Oil,Ending Stocks excluding SPR and including Lease Stock of Crude Oil,Thousand Barrels,weekly
NUS,Data 6,W_EPLLPZ_SAE_NUS_MBBL,weekly U.S. Ending Stocks of Propane and Propylene,U.S.,,Ending Stocks of Propane and Propylene,Ending Stocks of Propane and Propylene,Thousand Barrels,weekly
NUS,Data 7,W_EPC0_VSD_NUS_DAYS,weekly U.S. Days of Supply of Crude Oil excluding SPR,U.S.,,Days of Supply of Crude Oil excluding SPR,Days of Supply of Crude Oil excluding SPR,Number of Days,weekly
NUS,Data 7,W_EPD0_VSD_NUS_DAYS,weekly U.S. Days of Supply of Total Distillate,U.S.,,Days of Supply of Total Distillate,Days of Supply of Total Distillate,Number of Days,weekly
NUS,Data 7,W_EPJK_VSD_NUS_DAYS,weekly U.S. Days of Supply of Kerosene-Type Jet Fuel,U.S.,,Days of Supply of Kerosene-Type Jet Fuel,Days of Supply of Kerosene-Type Jet Fuel,Number of Days,weekly
NUS,Data 7,W_EPLLPZ_VSD_NUS_DAYS,weekly U.S. Days of Supply of Propane/Propylene,U.S.,,Days of Supply of Propane/Propylene,Days of Supply of Propane/Propylene,Number of Days,weekly
NUS,Data 7,W_EPM0_VSD_NUS_DAYS,weekly U.S. Days of Supply of Total Gasoline,U.S.,,Days of Supply of Total Gasoline,Days of Supply of Total Gasoline,Number of Days,weekly
NUS,Data 8,WO3IM_NUS-Z00_2,weekly U.S. Imports of Reformulated RBOB with Alcohol Gasoline Blending Components,U.S.,,Imports of Reformulated RBOB with Alcohol Gasoline Blending Components,Imports of Reformulated RBOB with Alcohol Gasoline Blending Components,Thousand Barrels per Day,weekly
NUS,Data 8,WO4IM_NUS-Z00_2,weekly U.S. Imports of Reformulated RBOB with Ether Gasoline Blending Components,U.S.,,Imports of Reformulated RBOB with Ether Gasoline Blending Components,Imports of Reformulated RBOB with Ether Gasoline Blending Components,Thousand Barrels per Day,weekly
PSW01,Data 2,WCESCUS2,weekly U.S. Crude Oil Stock Change Excluding SPR,U.S.,,Crude Oil Stock Change Excluding SPR,Crude Oil Stock Change Excluding SPR,Thousand Barrels per Day,weekly
PSW01,Data 2,WCRAUUS2,weekly U.S. Unaccounted for Crude Oil,U.S.,,Unaccounted for Crude Oil,Unaccounted for Crude Oil,Thousand Barrels per Day,weekly
PSW01,Data 2,WCSSCUS2,weekly U.S. Crude Oil SPR Stock Change,U.S.,,Crude Oil SPR Stock Change,Crude Oil SPR Stock Change,Thousand Barrels per Day,weekly
PSW01,Data 2,WPESCUS2,weekly U.S. Total Petroleum Products Stock Change,U.S.,,Total Petroleum Products Stock Change,Total Petroleum Products Stock Change,Thousand Barrels per Day,weekly
PSW01,Data 2,WPGNPUS2,weekly U.S. Refiner and Blender Processing Gain,U.S.,,Refiner and Blender Processing Gain,Refiner and Blender Processing Gain,Thousand Barrels per Day,weekly
PSW01,Data 2,W_EPC0NG_TVP_NUS_MBBLD,weekly U.S. Transfers to Crude Oil Supply of Crude Oil,U.S.,,Transfers to Crude Oil Supply of Crude Oil,Transfers to Crude Oil Supply of Crude Oil,Thousand Barrels per Day,weekly
PSW01,Data 2,W_EPC0_SCG_NUS_MBBLD,weekly U.S. Crude Oil Stock Change,U.S.,,Crude Oil Stock Change,Crude Oil Stock Change,Thousand Barrels per Day,weekly
PSW01,Data 2,W_EPC0_TVP_NUS_MBBLD,weekly U.S. Transfers to Crude Oil Supply of Crude Oil,U.S.,,Transfers to Crude Oil Supply of Crude Oil,Transfers to Crude Oil Supply of Crude Oil,Thousand Barrels per Day,weekly
PSW01,Data 2,W_EPL0_YPG_NUS_MBBLD,weekly U.S. Production of Natural Gas Plant Liquids,U.S.,,Production of Natural Gas Plant Liquids,Production of Natural Gas Plant Liquids,Thousand Barrels per Day,weekly
PSW01,Data 2,W_EPLLCL2A_TVP_NUS_MBBLD,weekly U.S. Transfers to Crude Oil Supply of Condensate Production and Alaskan NGL,U.S.,,Transfers to Crude Oil Supply of Condensate Production and Alaskan NGL,Transfers to Crude Oil Supply of Condensate Production and Alaskan NGL,Thousand Barrels per Day,weekly
PSW01,Data 2,W_EPLLNGPU_TVP_NUS_MBBLD,weekly U.S. Transfers to Crude Oil Supply of Natural Gasoline and Unfinished Oils Product Supplied,U.S.,,Transfers to Crude Oil Supply of Natural Gasoline and Unfinished Oils Product Supplied,Transfers to Crude Oil Supply of Natural Gasoline and Unfinished Oils Product Supplied,Thousand Barrels per Day,weekly
PSW01,Data 2,W_EPOOXR_YPT_NUS_MBBLD,weekly U.S. Net Production of Oxygenates and Renewable Fuels,U.S.,,Net Production of Oxygenates and Renewable Fuels,Net Production of Oxygenates and Renewable Fuels,Thousand Barrels per Day,weekly
PSW01,Data 2,W_EPP0_VUA_NUS_MBBLD,weekly U.S. Supply Adjustment of Total Petroleum (Excluding Crude Oil),U.S.,,Supply Adjustment of Total Petroleum (Excluding Crude Oil),Supply Adjustment of Total Petroleum (Excluding Crude Oil),Thousand Barrels per Day,weekly
PSW01,Data 2,W_EPP1_YPT_NUS_MBBLD,"weekly U.S. Refiner and Blender Net Production of Petroleum Products less Natural Gas Plant Liquids, Renewable Fuels/Oxygenate Plant, and Refinery Processing Gain",U.S.,,"Refiner and Blender Net Production of Petroleum Products less Natural Gas Plant Liquids, Renewable Fuels/Oxygenate Plant, and Refinery Processing Gain","Refiner and Blender Net Production of Petroleum Products less Natural Gas Plant Liquids, Renewable Fuels/Oxygenate Plant, and Refinery Processing Gain",Thousand Barrels per Day,weekly
PSW01,Data 2,W_EPPO5_YPT_NUS_MBBLD,weekly U.S. Refiner and Blender Net Production of Renewable Fuel-Oxygenates Excluding Fuel Ethanol,U.S.,,Refiner and Blender Net Production of Renewable Fuel-Oxygenates Excluding Fuel Ethanol,Refiner and Blender Net Production of Renewable Fuel-Oxygenates Excluding Fuel Ethanol,Thousand Barrels per Day,weekly
PSW01,Data 3,WCESCUS2,4-week U.S. Crude Oil Stock Change Excluding SPR,U.S.,,Crude Oil Stock Change Excluding SPR,Crude Oil Stock Change Excluding SPR,Thousand Barrels per Day,4-week
PSW01,Data 3,WCRAUUS2,4-week U.S. Unaccounted for Crude Oil,U.S.,,Unaccounted for Crude Oil,Unaccounted for Crude Oil,Thousand Barrels per Day,4-week
PSW01,Data 3,WCSSCUS2,4-week U.S. Crude Oil SPR Stock Change,U.S.,,Crude Oil SPR Stock Change,Crude Oil SPR Stock Change,Thousand Barrels per Day,4-week
PSW01,Data 3,WPESCUS2,4-week U.S. Total Petroleum Products Stock Change,U.S.,,Total Petroleum Products Stock Change,Total Petroleum Products Stock Change,Thousand Barrels per Day,4-week
PSW01,Data 3,WPGNPUS2,4-week U.S. Refiner and Blender Processing Gain,U.S.,,Refiner and Blender Processing Gain,Refiner and Blender Processing Gain,Thousand Barrels per Day,4-week
PSW01,Data 3,W_EPC0NG_TVP_NUS_MBBLD,4-week U.S. Transfers to Crude Oil Supply of Crude Oil,U.S.,,Transfers to Crude Oil Supply of Crude Oil,Transfers to Crude Oil Supply of Crude Oil,Thousand Barrels per Day,4-week
PSW01,Data 3,W_EPC0_SCG_NUS_MBBLD,4-week U.S. Crude Oil Stock Change,U.S.,,Crude Oil Stock Change,Crude Oil Stock Change,Thousand Barrels per Day,4-week
PSW01,Data 3,W_EPC0_TVP_NUS_MBBLD,4-week U.S. Transfers to Crude Oil Supply of Crude Oil,U.S.,,Transfers to Crude Oil Supply of Crude Oil,Transfers to Crude Oil Supply of Crude Oil,Thousand Barrels per Day,4-week
PSW01,Data 3,W_EPL0_YPG_NUS_MBBLD,4-week U.S. Production of Natural Gas Plant Liquids,U.S.,,Production of Natural Gas Plant Liquids,Production of Natural Gas Plant Liquids,Thousand Barrels per Day,4-week
PSW01,Data 3,W_EPLLCL2A_TVP_NUS_MBBLD,4-week U.S. Transfers to Crude Oil Supply of Condensate Production and Alaskan NGL,U.S.,,Transfers to Crude Oil Supply of Condensate Production and Alaskan NGL,Transfers to Crude Oil Supply of Condensate Production and Alaskan NGL,Thousand Barrels per Day,4-week
PSW01,Data 3,W_EPLLNGPU_TVP_NUS_MBBLD,4-week U.S. Transfers to Crude Oil Supply of Natural Gasoline and Unfinished Oils Product Supplied,U.S.,,Transfers to Crude Oil Supply of Natural Gasoline and Unfinished Oils Product Supplied,Transfers to Crude Oil Supply of Natural Gasoline and Unfinished Oils Product Supplied,Thousand Barrels per Day,4-week
PSW01,Data 3,W_EPOOXR_YPT_NUS_MBBLD,4-week U.S. Net Production of Oxygenates and Renewable Fuels,U.S.,,Net Production of Oxygenates and Renewable Fuels,Net Production of Oxygenates and Renewable Fuels,Thousand Barrels per Day,4-week
PSW01,Data 3,W_EPP0_VUA_NUS_MBBLD,4-week U.S. Supply Adjustment of Total Petroleum (Excluding Crude Oil),U.S.,,Supply Adjustment of Total Petroleum (Excluding Crude Oil),Supply Adjustment of Total Petroleum (Excluding Crude Oil),Thousand Barrels per Day,4-week
PSW01,Data 3,W_EPP1_YPT_NUS_MBBLD,"4-week U.S. Refiner and Blender Net Production of Petroleum Products less Natural Gas Plant Liquids, Renewable Fuels/Oxygenate Plant, and Refinery Processing Gain",U.S.,,"Refiner and Blender Net Production of Petroleum Products less Natural Gas Plant Liquids, Renewable Fuels/Oxygenate Plant, and Refinery Processing Gain","Refiner and Blender Net Production of Petroleum Products less Natural Gas Plant Liquids, Renewable Fuels/Oxygenate Plant, and Refinery Processing Gain",Thousand Barrels per Day,4-week
PSW01,Data 3,W_EPPO5_YPT_NUS_MBBLD,4-week U.S. Refiner and Blender Net Production of Renewable Fuel-Oxygenates Excluding Fuel Ethanol,U.S.,,Refiner and Blender Net Production of Renewable Fuel-Oxygenates Excluding Fuel Ethanol,Refiner and Blender Net Production of Renewable Fuel-Oxygenates Excluding Fuel Ethanol,Thousand Barrels per Day,4-week
PSW03,Data 1,W_EPD00H_YPB_NUS_MBBLD,"weekly U.S. Blender Net Production of Distillate Fuel Oil, Greater Than 500 ppm Sulfur",U.S.,,"Blender Net Production of Distillate Fuel Oil, Greater Than 500 ppm Sulfur","Blender Net Production of Distillate Fuel Oil, Greater Than 500 ppm Sulfur",Thousand Barrels per Day,weekly
PSW03,Data 1,W_EPD00H_YPY_NUS_MBBLD,"weekly U.S. Refiner Net Production of Distillate Fuel Oil, Greater Than 500 ppm Sulfur",U.S.,,"Refiner Net Production of Distillate Fuel Oil, Greater Than 500 ppm Sulfur","Refiner Net Production of Distillate Fuel Oil, Greater Than 500 ppm Sulfur",Thousand Barrels per Day,weekly
PSW03,Data 1,W_EPD0_YPB_NUS_MBBLD,weekly U.S. Blender Net Production of Distillate Fuel Oil,U.S.,,Blender Net Production of Distillate Fuel Oil,Blender Net Production of Distillate Fuel Oil,Thousand Barrels per Day,weekly
PSW03,Data 1,W_EPD0_YPY_NUS_MBBLD,weekly U.S. Refiner Net Production of Distillate Fuel Oil,U.S.,,Refiner Net Production of Distillate Fuel Oil,Refiner Net Production of Distillate Fuel Oil,Thousand Barrels per Day,weekly
PSW03,Data 1,W_EPDM10_YPB_NUS_MBBLD,"weekly U.S. Blender Net Production of Distillate Fuel Oil, Greater than 15 to 500 ppm Sulfur",U.S.,,"Blender Net Production of Distillate Fuel Oil, Greater than 15 to 500 ppm Sulfur","Blender Net Production of Distillate Fuel Oil, Greater than 15 to 500 ppm Sulfur",Thousand Barrels per Day,weekly
PSW03,Data 1,W_EPDM10_YPY_NUS_MBBLD,"weekly U.S. Refiner Net Production of Distillate Fuel Oil, Greater than 15 to 500 ppm Sulfur",U.S.,,"Refiner Net Production of Distillate Fuel Oil, Greater than 15 to 500 ppm Sulfur","Refiner Net Production of Distillate Fuel Oil, Greater than 15 to 500 ppm Sulfur",Thousand Barrels per Day,weekly
PSW03,Data 1,W_EPDXL0_YPB_NUS_MBBLD,"weekly U.S. Blender Net Production of Distillate Fuel Oil, 0 to 15 ppm Sulfur",U.S.,,"Blender Net Production of Distillate Fuel Oil, 0 to 15 ppm Sulfur","Blender Net Production of Distillate Fuel Oil, 0 to 15 ppm Sulfur",Thousand Barrels per Day,weekly
PSW03,Data 1,W_EPDXL0_YPY_NUS_MBBLD,"weekly U.S. Refiner Net Production of Distillate Fuel Oil, 0 to 15 ppm Sulfur",U.S.,,"Refiner Net Production of Distillate Fuel Oil, 0 to 15 ppm Sulfur","Refiner Net Production of Distillate Fuel Oil, 0 to 15 ppm Sulfur",Thousand Barrels per Day,weekly
PSW03,Data 1,W_EPJK_YPB_NUS_MBBLD,weekly U.S. Blender Net Production of Kerosene-Type Jet Fuel,U.S.,,Blender Net Production of Kerosene-Type Jet Fuel,Blender Net Production of Kerosene-Type Jet Fuel,Thousand Barrels per Day,weekly
PSW03,Data 1,W_EPJK_YPY_NUS_MBBLD,weekly U.S. Refiner Net Production of Kerosene-Type Jet Fuel,U.S.,,Refiner Net Production of Kerosene-Type Jet Fuel,Refiner Net Production of Kerosene-Type Jet Fuel,Thousand Barrels per Day,weekly
PSW03,Data 1,W_EPM0CAG55_YPB_NUS_MBBLD,"weekly U.S. Blender Net Production of Motor Gasoline, Finished, Conventional, Greater Than Ed55",U.S.,,"Blender Net Production of Motor Gasoline, Finished, Conventional, Greater Than Ed55","Blender Net Production of Motor Gasoline, Finished, Conventional, Greater Than Ed55",Thousand Barrels per Day,weekly
PSW03,Data 1,W_EPM0CAG55_YPY_NUS_MBBLD,"weekly U.S. Refiner Net Production of Finished Conventional Motor Gasoline, Greater than Ed 55",U.S.,,"Refiner Net Production of Finished Conventional Motor Gasoline, Greater than Ed 55","Refiner Net Production of Finished Conventional Motor Gasoline, Greater than Ed 55",Thousand Barrels per Day,weekly
PSW03,Data 1,W_EPM0CAL55_YPB_NUS_MBBLD,"weekly U.S. Blender Net Production of Motor Gasoline, Finished, Conventional, Ed55 and Lower",U.S.,,"Blender Net Production of Motor Gasoline, Finished, Conventional, Ed55 and Lower","Blender Net Production of Motor Gasoline, Finished, Conventional, Ed55 and Lower",Thousand Barrels per Day,weekly
PSW03,Data 1,W_EPM0CAL55_YPY_NUS_MBBLD,"weekly U.S. Refiner Net Production of Motor Gasoline, Finished, Conventional, Ed55 and Lower",U.S.,,"Refiner Net Production of Motor Gasoline, Finished, Conventional, Ed55 and Lower","Refiner Net Production of Motor Gasoline, Finished, Conventional, Ed55 and Lower",Thousand Barrels per Day,weekly
PSW03,Data 1,W_EPM0CA_YPB_NUS_MBBLD,weekly U.S. Blender Net Production of Conventional Motor Gasoline with Fuel Ethanol,U.S.,,Blender Net Production of Conventional Motor Gasoline with Fuel Ethanol,Blender Net Production of Conventional Motor Gasoline with Fuel Ethanol,Thousand Barrels per Day,weekly
PSW03,Data 1,W_EPM0CA_YPY_NUS_MBBLD,weekly U.S. Refiner Net Production of Conventional Motor Gasoline with Fuel Ethanol,U.S.,,Refiner Net Production of Conventional Motor Gasoline with Fuel Ethanol,Refiner Net Production of Conventional Motor Gasoline with Fuel Ethanol,Thousand Barrels per Day,weekly
PSW03,Data 1,W_EPM0CO_YPB_NUS_MBBLD,weekly U.S. Blender Net Production of Other Conventional Motor Gasoline,U.S.,,Blender Net Production of Other Conventional Motor Gasoline,Blender Net Production of Other Conventional Motor Gasoline,Thousand Barrels per Day,weekly
PSW03,Data 1,W_EPM0CO_YPY_NUS_MBBLD,weekly U.S. Refiner Net Production of Other Conventional Motor Gasoline,U.S.,,Refiner Net Production of Other Conventional Motor Gasoline,Refiner Net Production of Other Conventional Motor Gasoline,Thousand Barrels per Day,weekly
PSW03,Data 1,W_EPM0C_YPB_NUS_MBBLD,weekly U.S. Blender Net Production of Conventional Motor Gasoline,U.S.,,Blender Net Production of Conventional Motor Gasoline,Blender Net Production of Conventional Motor Gasoline,Thousand Barrels per Day,weekly
PSW03,Data 1,W_EPM0C_YPY_NUS_MBBLD,weekly U.S. Refiner Net Production of Conventional Motor Gasoline,U.S.,,Refiner Net Production of Conventional Motor Gasoline,Refiner Net Production of Conventional Motor Gasoline,Thousand Barrels per Day,weekly
PSW03,Data 1,W_EPM0F_YPB_NUS_MBBLD,weekly U.S. Blender Net Production of Finished Motor Gasoline,U.S.,,Blender Net Production of Finished Motor Gasoline,Blender Net Production of Finished Motor Gasoline,Thousand Barrels per Day,weekly
PSW03,Data 1,W_EPM0F_YPB_R10_MBBLD,weekly East Coast (PADD 1) Blender Net Production of Finished Motor Gasoline,East Coast,,Blender Net Production of Finished Motor Gasoline,Blender Net Production of Finished Motor Gasoline,Thousand Barrels per Day,weekly
PSW03,Data 1,W_EPM0F_YPB_R20_MBBLD,weekly Midwest (PADD 2) Blender Net Production of Finished Motor Gasoline,Midwest,,Blender Net Production of Finished Motor Gasoline,Blender Net Production of Finished Motor Gasoline,Thousand Barrels per Day,weekly
PSW03,Data 1,W_EPM0F_YPB_R30_MBBLD,weekly Gulf Coast (PADD 3) Blender Net Production of Finished Motor Gasoline,Gulf Coast,,Blender Net Production of Finished Motor Gasoline,Blender Net Production of Finished Motor Gasoline,Thousand Barrels per Day,weekly
PSW03,Data 1,W_EPM0F_YPB_R40_MBBLD,weekly Rocky Mountain (PADD 4) Blender Net Production of Finished Motor Gasoline,Rocky Mountain,,Blender Net Production of Finished Motor Gasoline,Blender Net Production of Finished Motor Gasoline,Thousand Barrels per Day,weekly
PSW03,Data 1,W_EPM0F_YPB_R50_MBBLD,weekly West Coast (PADD 5) Blender Net Production of Finished Motor Gasoline,West Coast,,Blender Net Production of Finished Motor Gasoline,Blender Net Production of Finished Motor Gasoline,Thousand Barrels per Day,weekly
PSW03,Data 1,W_EPM0F_YPY_NUS_MBBLD,weekly U.S. Refiner Net Production of Finished Motor Gasoline,U.S.,,Refiner Net Production of Finished Motor Gasoline,Refiner Net Production of Finished Motor Gasoline,Thousand Barrels per Day,weekly
PSW03,Data 1,W_EPM0F_YPY_R10_MBBLD,weekly East Coast (PADD 1) Refiner Net Production of Finished Motor Gasoline,East Coast,,Refiner Net Production of Finished Motor Gasoline,Refiner Net Production of Finished Motor Gasoline,Thousand Barrels per Day,weekly
PSW03,Data 1,W_EPM0F_YPY_R20_MBBLD,weekly Midwest (PADD 2) Refiner Net Production of Finished Motor Gasoline,Midwest,,Refiner Net Production of Finished Motor Gasoline,Refiner Net Production of Finished Motor Gasoline,Thousand Barrels per Day,weekly
PSW03,Data 1,W_EPM0F_YPY_R30_MBBLD,weekly Gulf Coast (PADD 3) Refiner Net Production of Finished Motor Gasoline,Gulf Coast,,Refiner Net Production of Finished Motor Gasoline,Refiner Net Production of Finished Motor Gasoline,Thousand Barrels per Day,weekly
PSW03,Data 1,W_EPM0F_YPY_R40_MBBLD,weekly Rocky Mountain (PADD 4) Refiner Net Production of Finished Motor Gasoline,Rocky Mountain,,Refiner Net Production of Finished Motor Gasoline,Refiner Net Production of Finished Motor Gasoline,Thousand Barrels per Day,weekly
PSW03,Data 1,W_EPM0F_YPY_R50_MBBLD,weekly West Coast (PADD 5) Refiner Net Production of Finished Motor Gasoline,West Coast,,Refiner Net Production of Finished Motor Gasoline,Refiner Net Production of Finished Motor Gasoline,Thousand Barrels per Day,weekly
PSW03,Data 1,W_EPM0RA_YPB_NUS_MBBLD,weekly U.S. Blender Net Production of Reformulated Motor Gasoline with Fuel ALcohol,U.S.,,Blender Net Production of Reformulated Motor Gasoline with Fuel ALcohol,Blender Net Production of Reformulated Motor Gasoline with Fuel ALcohol,Thousand Barrels per Day,weekly
PSW03,Data 1,W_EPM0RA_YPY_NUS_MBBLD,weekly U.S. Refiner Net Production of Reformulated Motor Gasoline with Fuel ALcohol,U.S.,,Refiner Net Production of Reformulated Motor Gasoline with Fuel ALcohol,Refiner Net Production of Reformulated Motor Gasoline with Fuel ALcohol,Thousand Barrels per Day,weekly
PSW03,Data 1,W_EPM0RO_YPB_NUS_MBBLD,weekly U.S. Blender Net Production of Other Reformulated Motor Gasoline,U.S.,,Blender Net Production of Other Reformulated Motor Gasoline,Blender Net Production of Other Reformulated Motor Gasoline,Thousand Barrels per Day,weekly
PSW03,Data 1,W_EPM0RO_YPY_NUS_MBBLD,weekly U.S. Refiner Net Production of Other Reformulated Motor Gasoline,U.S.,,Refiner Net Production of Other Reformulated Motor Gasoline,Refiner Net Production of Other Reformulated Motor Gasoline,Thousand Barrels per Day,weekly
PSW03,Data 1,W_EPM0R_YPB_NUS_MBBLD,weekly U.S. Blender Net Production of Reformulated Motor Gasoline,U.S.,,Blender Net Production of Reformulated Motor Gasoline,Blender Net Production of Reformulated Motor Gasoline,Thousand Barrels per Day,weekly
PSW03,Data 1,W_EPM0R_YPY_NUS_MBBLD,weekly U.S. Refiner Net Production of Reformulated Motor Gasoline,U.S.,,Refiner Net Production of Reformulated Motor Gasoline,Refiner Net Production of Reformulated Motor Gasoline,Thousand Barrels per Day,weekly
PSW03,Data 1,W_EPPK_YPB_NUS_MBBLD,weekly U.S. Blender Net Production of Kerosene,U.S.,,Blender Net Production of Kerosene,Blender Net Production of Kerosene,Thousand Barrels per Day,weekly
PSW03,Data 1,W_EPPK_YPY_NUS_MBBLD,weekly U.S. Refiner Net Production of Kerosene,U.S.,,Refiner Net Production of Kerosene,Refiner Net Production of Kerosene,Thousand Barrels per Day,weekly
PSW03,Data 1,W_EPPR_YPY_NUS_MBBLD,weekly U.S. Refiner Net Production of Residual Fuel Oil,U.S.,,Refiner Net Production of Residual Fuel Oil,Refiner Net Production of Residual Fuel Oil,Thousand Barrels per Day,weekly
PSW03,Data 2,W_EPD00H_YPB_NUS_MBBLD,"4-week U.S. Blender Net Production of Distillate Fuel Oil, Greater Than 500 ppm Sulfur",U.S.,,"Blender Net Production of Distillate Fuel Oil, Greater Than 500 ppm Sulfur","Blender Net Production of Distillate Fuel Oil, Greater Than 500 ppm Sulfur",Thousand Barrels per Day,4-week
PSW03,Data 2,W_EPD00H_YPY_NUS_MBBLD,"4-week U.S. Refiner Net Production of Distillate Fuel Oil, Greater Than 500 ppm Sulfur",U.S.,,"Refiner Net Production of Distillate Fuel Oil, Greater Than 500 ppm Sulfur","Refiner Net Production of Distillate Fuel Oil, Greater Than 500 ppm Sulfur",Thousand Barrels per Day,4-week
PSW03,Data 2,W_EPD0_YPB_NUS_MBBLD,4-week U.S. Blender Net Production of Distillate Fuel Oil,U.S.,,Blender Net Production of Distillate Fuel Oil,Blender Net Production of Distillate Fuel Oil,Thousand Barrels per Day,4-week
PSW03,Data 2,W_EPD0_YPY_NUS_MBBLD,4-week U.S. Refiner Net Production of Distillate Fuel Oil,U.S.,,Refiner Net Production of Distillate Fuel Oil,Refiner Net Production of Distillate Fuel Oil,Thousand Barrels per Day,4-week
PSW03,Data 2,W_EPDM10_YPB_NUS_MBBLD,"4-week U.S. Blender Net Production of Distillate Fuel Oil, Greater than 15 to 500 ppm Sulfur",U.S.,,"Blender Net Production of Distillate Fuel Oil, Greater than 15 to 500 ppm Sulfur","Blender Net Production of Distillate Fuel Oil, Greater than 15 to 500 ppm Sulfur",Thousand Barrels per Day,4-week
PSW03,Data 2,W_EPDM10_YPY_NUS_MBBLD,"4-week U.S. Refiner Net Production of Distillate Fuel Oil, Greater than 15 to 500 ppm Sulfur",U.S.,,"Refiner Net Production of Distillate Fuel Oil, Greater than 15 to 500 ppm Sulfur","Refiner Net Production of Distillate Fuel Oil, Greater than 15 to 500 ppm Sulfur",Thousand Barrels per Day,4-week
PSW03,Data 2,W_EPDXL0_YPB_NUS_MBBLD,"4-week U.S. Blender Net Production of Distillate Fuel Oil, 0 to 15 ppm Sulfur",U.S.,,"Blender Net Production of Distillate Fuel Oil, 0 to 15 ppm Sulfur","Blender Net Production of Distillate Fuel Oil, 0 to 15 ppm Sulfur",Thousand Barrels per Day,4-week
PSW03,Data 2,W_EPDXL0_YPY_NUS_MBBLD,"4-week U.S. Refiner Net Production of Distillate Fuel Oil, 0 to 15 ppm Sulfur",U.S.,,"Refiner Net Production of Distillate Fuel Oil, 0 to 15 ppm Sulfur","Refiner Net Production of Distillate Fuel Oil, 0 to 15 ppm Sulfur",Thousand Barrels per Day,4-week
PSW03,Data 2,W_EPJK_YPB_NUS_MBBLD,4-week U.S. Blender Net Production of Kerosene-Type Jet Fuel,U.S.,,Blender Net Production of Kerosene-Type Jet Fuel,Blender Net Production of Kerosene-Type Jet Fuel,Thousand Barrels per Day,4-week
PSW03,Data 2,W_EPJK_YPY_NUS_MBBLD,4-week U.S. Refiner Net Production of Kerosene-Type Jet Fuel,U.S.,,Refiner Net Production of Kerosene-Type Jet Fuel,Refiner Net Production of Kerosene-Type Jet Fuel,Thousand Barrels per Day,4-week
PSW03,Data 2,W_EPM0CAG55_YPB_NUS_MBBLD,"4-week U.S. Blender Net Production of Motor Gasoline, Finished, Conventional, Greater Than Ed55",U.S.,,"Blender Net Production of Motor Gasoline, Finished, Conventional, Greater Than Ed55","Blender Net Production of Motor Gasoline, Finished, Conventional, Greater Than Ed55",Thousand Barrels per Day,4-week
PSW03,Data 2,W_EPM0CAG55_YPY_NUS_MBBLD,"4-week U.S. Refiner Net Production of Finished Conventional Motor Gasoline, Greater than Ed 55",U.S.,,"Refiner Net Production of Finished Conventional Motor Gasoline, Greater than Ed 55","Refiner Net Production of Finished Conventional Motor Gasoline, Greater than Ed 55",Thousand Barrels per Day,4-week
PSW03,Data 2,W_EPM0CAL55_YPB_NUS_MBBLD,"4-week U.S. Blender Net Production of Motor Gasoline, Finished, Conventional, Ed55 and Lower",U.S.,,"Blender Net Production of Motor Gasoline, Finished, Conventional, Ed55 and Lower","Blender Net Production of Motor Gasoline, Finished, Conventional, Ed55 and Lower",Thousand Barrels per Day,4-week
PSW03,Data 2,W_EPM0CAL55_YPY_NUS_MBBLD,"4-week U.S. Refiner Net Production of Motor Gasoline, Finished, Conventional, Ed55 and Lower",U.S.,,"Refiner Net Production of Motor Gasoline, Finished, Conventional, Ed55 and Lower","Refiner Net Production of Motor Gasoline, Finished, Conventional, Ed55 and Lower",Thousand Barrels per Day,4-week
PSW03,Data 2,W_EPM0CA_YPB_NUS_MBBLD,4-week U.S. Blender Net Production of Conventional Motor Gasoline with Fuel Ethanol,U.S.,,Blender Net Production of Conventional Motor Gasoline with Fuel Ethanol,Blender Net Production of Conventional Motor Gasoline with Fuel Ethanol,Thousand Barrels per Day,4-week
PSW03,Data 2,W_EPM0CA_YPY_NUS_MBBLD,4-week U.S. Refiner Net Production of Conventional Motor Gasoline with Fuel Ethanol,U.S.,,Refiner Net Production of Conventional Motor Gasoline with Fuel Ethanol,Refiner Net Production of Conventional Motor Gasoline with Fuel Ethanol,Thousand Barrels per Day,4-week
PSW03,Data 2,W_EPM0CO_YPB_NUS_MBBLD,4-week U.S. Blender Net Production of Other Conventional Motor Gasoline,U.S.,,Blender Net Production of Other Conventional Motor Gasoline,Blender Net Production of Other Conventional Motor Gasoline,Thousand Barrels per Day,4-week
PSW03,Data 2,W_EPM0CO_YPY_NUS_MBBLD,4-week U.S. Refiner Net Production of Other Conventional Motor Gasoline,U.S.,,Refiner Net Production of Other Conventional Motor Gasoline,Refiner Net Production of Other Conventional Motor Gasoline,Thousand Barrels per Day,4-week
PSW03,Data 2,W_EPM0C_YPB_NUS_MBBLD,4-week U.S. Blender Net Production of Conventional Motor Gasoline,U.S.,,Blender Net Production of Conventional Motor Gasoline,Blender Net Production of Conventional Motor Gasoline,Thousand Barrels per Day,4-week
PSW03,Data 2,W_EPM0C_YPY_NUS_MBBLD,4-week U.S. Refiner Net Production of Conventional Motor Gasoline,U.S.,,Refiner Net Production of Conventional Motor Gasoline,Refiner Net Production of Conventional Motor Gasoline,Thousand Barrels per Day,4-week
PSW03,Data 2,W_EPM0F_YPB_NUS_MBBLD,4-week U.S. Blender Net Production of Finished Motor Gasoline,U.S.,,Blender Net Production of Finished Motor Gasoline,Blender Net Production of Finished Motor Gasoline,Thousand Barrels per Day,4-week
PSW03,Data 2,W_EPM0F_YPB_R10_MBBLD,4-week East Coast (PADD 1) Blender Net Production of Finished Motor Gasoline,East Coast,,Blender Net Production of Finished Motor Gasoline,Blender Net Production of Finished Motor Gasoline,Thousand Barrels per Day,4-week
PSW03,Data 2,W_EPM0F_YPB_R20_MBBLD,4-week Midwest (PADD 2) Blender Net Production of Finished Motor Gasoline,Midwest,,Blender Net Production of Finished Motor Gasoline,Blender Net Production of Finished Motor Gasoline,Thousand Barrels per Day,4-week
PSW03,Data 2,W_EPM0F_YPB_R30_MBBLD,4-week Gulf Coast (PADD 3) Blender Net Production of Finished Motor Gasoline,Gulf Coast,,Blender Net Production of Finished Motor Gasoline,Blender Net Production of Finished Motor Gasoline,Thousand Barrels per Day,4-week
PSW03,Data 2,W_EPM0F_YPB_R40_MBBLD,4-week Rocky Mountain (PADD 4) Blender Net Production of Finished Motor Gasoline,Rocky Mountain,,Blender Net Production of Finished Motor Gasoline,Blender Net Production of Finished Motor Gasoline,Thousand Barrels per Day,4-week
PSW03,Data 2,W_EPM0F_YPB_R50_MBBLD,4-week West Coast (PADD 5) Blender Net Production of Finished Motor Gasoline,West Coast,,Blender Net Production of Finished Motor Gasoline,Blender Net Production of Finished Motor Gasoline,Thousand Barrels per Day,4-week
PSW03,Data 2,W_EPM0F_YPY_NUS_MBBLD,4-week U.S. Refiner Net Production of Finished Motor Gasoline,U.S.,,Refiner Net Production of Finished Motor Gasoline,Refiner Net Production of Finished Motor Gasoline,Thousand Barrels per Day,4-week
PSW03,Data 2,W_EPM0F_YPY_R10_MBBLD,4-week East Coast (PADD 1) Refiner Net Production of Finished Motor Gasoline,East Coast,,Refiner Net Production of Finished Motor Gasoline,Refiner Net Production of Finished Motor Gasoline,Thousand Barrels per Day,4-week
PSW03,Data 2,W_EPM0F_YPY_R20_MBBLD,4-week Midwest (PADD 2) Refiner Net Production of Finished Motor Gasoline,Midwest,,Refiner Net Production of Finished Motor Gasoline,Refiner Net Production of Finished Motor Gasoline,Thousand Barrels per Day,4-week
PSW03,Data 2,W_EPM0F_YPY_R30_MBBLD,4-week Gulf Coast (PADD 3) Refiner Net Production of Finished Motor Gasoline,Gulf Coast,,Refiner Net Production of Finished Motor Gasoline,Refiner Net Production of Finished Motor Gasoline,Thousand Barrels per Day,4-week
PSW03,Data 2,W_EPM0F_YPY_R40_MBBLD,4-week Rocky Mountain (PADD 4) Refiner Net Production of Finished Motor Gasoline,Rocky Mountain,,Refiner Net Production of Finished Motor Gasoline,Refiner Net Production of Finished Motor Gasoline,Thousand Barrels per Day,4-week
PSW03,Data 2,W_EPM0F_YPY_R50_MBBLD,4-week West Coast (PADD 5) Refiner Net Production of Finished Motor Gasoline,West Coast,,Refiner Net Production of Finished Motor Gasoline,Refiner Net Production of Finished Motor Gasoline,Thousand Barrels per Day,4-week
PSW03,Data 2,W_EPM0RA_YPB_NUS_MBBLD,4-week U.S. Blender Net Production of Reformulated Motor Gasoline with Fuel ALcohol,U.S.,,Blender Net Production of Reformulated Motor Gasoline with Fuel ALcohol,Blender Net Production of Reformulated Motor Gasoline with Fuel ALcohol,Thousand Barrels per Day,4-week
PSW03,Data 2,W_EPM0RA_YPY_NUS_MBBLD,4-week U.S. Refiner Net Production of Reformulated Motor Gasoline with Fuel ALcohol,U.S.,,Refiner Net Production of Reformulated Motor Gasoline with Fuel ALcohol,Refiner Net Production of Reformulated Motor Gasoline with Fuel ALcohol,Thousand Barrels per Day,4-week
PSW03,Data 2,W_EPM0RO_YPB_NUS_MBBLD,4-week U.S. Blender Net Production of Other Reformulated Motor Gasoline,U.S.,,Blender Net Production of Other Reformulated Motor Gasoline,Blender Net Production of Other Reformulated Motor Gasoline,Thousand Barrels per Day,4-week
PSW03,Data 2,W_EPM0RO_YPY_NUS_MBBLD,4-week U.S. Refiner Net Production of Other Reformulated Motor Gasoline,U.S.,,Refiner Net Production of Other Reformulated Motor Gasoline,Refiner Net Production of Other Reformulated Motor Gasoline,Thousand Barrels per Day,4-week
PSW03,Data 2,W_EPM0R_YPB_NUS_MBBLD,4-week U.S. Blender Net Production of Reformulated Motor Gasoline,U.S.,,Blender Net Production of Reformulated Motor Gasoline,Blender Net Production of Reformulated Motor Gasoline,Thousand Barrels per Day,4-week
PSW03,Data 2,W_EPM0R_YPY_NUS_MBBLD,4-week U.S. Refiner Net Production of Reformulated Motor Gasoline,U.S.,,Refiner Net Production of Reformulated Motor Gasoline,Refiner Net Production of Reformulated Motor Gasoline,Thousand Barrels per Day,4-week
PSW03,Data 2,W_EPPK_YPB_NUS_MBBLD,4-week U.S. Blender Net Production of Kerosene,U.S.,,Blender Net Production of Kerosene,Blender Net Production of Kerosene,Thousand Barrels per Day,4-week
PSW03,Data 2,W_EPPK_YPY_NUS_MBBLD,4-week U.S. Refiner Net Production of Kerosene,U.S.,,Refiner Net Production of Kerosene,Refiner Net Production of Kerosene,Thousand Barrels per Day,4-week
PSW03,Data 2,W_EPPR_YPY_NUS_MBBLD,4-week U.S. Refiner Net Production of Residual Fuel Oil,U.S.,,Refiner Net Production of Residual Fuel Oil,Refiner Net Production of Residual Fuel Oil,Thousand Barrels per Day,4-week
PSW05A,Data 1,WGTST1A1,weekly New England (PADD 1A) Ending Stocks of Total Gasoline,,,New England (PADD 1A) Ending Stocks of Total Gasoline,New England (PADD 1A) Ending Stocks of Total Gasoline,Thousand Barrels,weekly
PSW05A,Data 1,WGTST1B1,weekly Central Atlantic (PADD 1B) Ending Stocks of Total Gasoline,,,Central Atlantic (PADD 1B) Ending Stocks of Total Gasoline,Central Atlantic (PADD 1B) Ending Stocks of Total Gasoline,Thousand Barrels,weekly
PSW05A,Data 1,WGTST1C1,weekly Lower Atlantic (PADD 1C) Ending Stocks of Total Gasoline,,,Lower Atlantic (PADD 1C) Ending Stocks of Total Gasoline,Lower Atlantic (PADD 1C) Ending Stocks of Total Gasoline,Thousand Barrels,weekly
PSW05A,Data 1,W_EPM0F_SAE_R10_MBBL,weekly East Coast (PADD 1) Ending Stocks of Finished Motor Gasoline,East Coast,,Ending Stocks of Finished Motor Gasoline,Ending Stocks of Finished Motor Gasoline,Thousand Barrels,weekly
PSW05A,Data 1,W_EPM0F_SAE_R20_MBBL,weekly Midwest (PADD 2) Ending Stocks of Finished Motor Gasoline,Midwest,,Ending Stocks of Finished Motor Gasoline,Ending Stocks of Finished Motor Gasoline,Thousand Barrels,weekly
PSW05A,Data 1,W_EPM0F_SAE_R30_MBBL,weekly Gulf Coast (PADD 3) Ending Stocks of Finished Motor Gasoline,Gulf Coast,,Ending Stocks of Finished Motor Gasoline,Ending Stocks of Finished Motor Gasoline,Thousand Barrels,weekly
PSW05A,Data 1,W_EPM0F_SAE_R40_MBBL,weekly Rocky Mountain (PADD 4) Ending Stocks of Finished Motor Gasoline,Rocky Mountain,,Ending Stocks of Finished Motor Gasoline,Ending Stocks of Finished Motor Gasoline,Thousand Barrels,weekly
PSW05A,Data 1,W_EPM0F_SAE_R50_MBBL,weekly West Coast (PADD 5) Ending Stocks of Finished Motor Gasoline,West Coast,,Ending Stocks of Finished Motor Gasoline,Ending Stocks of Finished Motor Gasoline,Thousand Barrels,weekly
PSW08,Data 1,W_EPC0_IM0_NUS-NAR_MBBLD,weekly U.S. Imports from Argentina of Crude Oil,U.S.,,Imports from Argentina of Crude Oil,Imports from Argentina of Crude Oil,Thousand Barrels per Day,weekly
PSW08,Data 1,W_EPC0_IM0_NUS-NBR_MBBLD,weekly U.S. Imports from Brazil of Crude Oil,U.S.,,Imports from Brazil of Crude Oil,Imports from Brazil of Crude Oil,Thousand Barrels per Day,weekly
PSW08,Data 1,W_EPC0_IM0_NUS-NCA_MBBLD,weekly U.S. Imports from Canada of Crude Oil,U.S.,,Imports from Canada of Crude Oil,Imports from Canada of Crude Oil,Thousand Barrels per Day,weekly
PSW08,Data 1,W_EPC0_IM0_NUS-NCO_MBBLD,weekly U.S. Imports from Colombia of Crude Oil,U.S.,,Imports from Colombia of Crude Oil,Imports from Colombia of Crude Oil,Thousand Barrels per Day,weekly
PSW08,Data 1,W_EPC0_IM0_NUS-NGY_MBBLD,weekly U.S. Imports from Guyana of Crude Oil,U.S.,,Imports from Guyana of Crude Oil,Imports from Guyana of Crude Oil,Thousand Barrels per Day,weekly
PSW08,Data 1,W_EPC0_IM0_NUS-NIZ_MBBLD,weekly U.S. Imports from Iraq of Crude Oil,U.S.,,Imports from Iraq of Crude Oil,Imports from Iraq of Crude Oil,Thousand Barrels per Day,weekly
PSW08,Data 1,W_EPC0_IM0_NUS-NMX_MBBLD,weekly U.S. Imports from Mexico of Crude Oil,U.S.,,Imports from Mexico of Crude Oil,Imports from Mexico of Crude Oil,Thousand Barrels per Day,weekly
PSW08,Data 1,W_EPC0_IM0_NUS-NNI_MBBLD,weekly U.S. Imports from Nigeria of Crude Oil,U.S.,,Imports from Nigeria of Crude Oil,Imports from Nigeria of Crude Oil,Thousand Barrels per Day,weekly
PSW08,Data 1,W_EPC0_IM0_NUS-NSA_MBBLD,weekly U.S. Imports from Saudi Arabia of Crude Oil,U.S.,,Imports from Saudi Arabia of Crude Oil,Imports from Saudi Arabia of Crude Oil,Thousand Barrels per Day,weekly
PSW08,Data 1,W_EPC0_IM0_NUS-NVE_MBBLD,weekly U.S. Imports from Venezuela of Crude Oil,U.S.,,Imports from Venezuela of Crude Oil,Imports from Venezuela of Crude Oil,Thousand Barrels per Day,weekly
PSW08,Data 2,W_EPC0_IM0_NUS-NAR_MBBLD,4-week U.S. Imports from Argentina of Crude Oil,U.S.,,Imports from Argentina of Crude Oil,Imports from Argentina of Crude Oil,Thousand Barrels per Day,4-week
PSW08,Data 2,W_EPC0_IM0_NUS-NBR_MBBLD,4-week U.S. Imports from Brazil of Crude Oil,U.S.,,Imports from Brazil of Crude Oil,Imports from Brazil of Crude Oil,Thousand Barrels per Day,4-week
PSW08,Data 2,W_EPC0_IM0_NUS-NCA_MBBLD,4-week U.S. Imports from Canada of Crude Oil,U.S.,,Imports from Canada of Crude Oil,Imports from Canada of Crude Oil,Thousand Barrels per Day,4-week
PSW08,Data 2,W_EPC0_IM0_NUS-NCO_MBBLD,4-week U.S. Imports from Colombia of Crude Oil,U.S.,,Imports from Colombia of Crude Oil,Imports from Colombia of Crude Oil,Thousand Barrels per Day,4-week
PSW08,Data 2,W_EPC0_IM0_NUS-NGY_MBBLD,4-week U.S. Imports from Guyana of Crude Oil,U.S.,,Imports from Guyana of Crude Oil,Imports from Guyana of Crude Oil,Thousand Barrels per Day,4-week
PSW08,Data 2,W_EPC0_IM0_NUS-NIZ_MBBLD,4-week U.S. Imports from Iraq of Crude Oil,U.S.,,Imports from Iraq of Crude Oil,Imports from Iraq of Crude Oil,Thousand Barrels per Day,4-week
PSW08,Data 2,W_EPC0_IM0_NUS-NMX_MBBLD,4-week U.S. Imports from Mexico of Crude Oil,U.S.,,Imports from Mexico of Crude Oil,Imports from Mexico of Crude Oil,Thousand Barrels per Day,4-week
PSW08,Data 2,W_EPC0_IM0_NUS-NNI_MBBLD,4-week U.S. Imports from Nigeria of Crude Oil,U.S.,,Imports from Nigeria of Crude Oil,Imports from Nigeria of Crude Oil,Thousand Barrels per Day,4-week
PSW08,Data 2,W_EPC0_IM0_NUS-NSA_MBBLD,4-week U.S. Imports from Saudi Arabia of Crude Oil,U.S.,,Imports from Saudi Arabia of Crude Oil,Imports from Saudi Arabia of Crude Oil,Thousand Barrels per Day,4-week
PSW08,Data 2,W_EPC0_IM0_NUS-NVE_MBBLD,4-week U.S. Imports from Venezuela of Crude Oil,U.S.,,Imports from Venezuela of Crude Oil,Imports from Venezuela of Crude Oil,Thousand Barrels per Day,4-week
PSW09,Data 1,WCRFPUS2,weekly U.S. Field Production of Crude Oil,U.S.,,Field Production of Crude Oil,Field Production of Crude Oil,Thousand Barrels per Day,weekly
PSW09,Data 1,W_EPC0_FPF_R48_MBBLD,weekly Lower 48 States Field Production of Crude Oil,Lower 48,,Field Production of Crude Oil,Field Production of Crude Oil,Thousand Barrels per Day,weekly
PSW09,Data 1,W_EPC0_FPF_SAK_MBBLD,weekly Alaska Field Production of Crude Oil,Alaska,,Field Production of Crude Oil,Field Production of Crude Oil,Thousand Barrels per Day,weekly
PSW09,Data 10,WDIUPUS2,weekly U.S. Product Supplied of Distillate Fuel Oil,U.S.,,Product Supplied of Distillate Fuel Oil,Product Supplied of Distillate Fuel Oil,Thousand Barrels per Day,weekly
PSW09,Data 10,WGFUPUS2,weekly U.S. Product Supplied of Finished Motor Gasoline,U.S.,,Product Supplied of Finished Motor Gasoline,Product Supplied of Finished Motor Gasoline,Thousand Barrels per Day,weekly
PSW09,Data 10,WKJUPUS2,weekly U.S. Product Supplied of Kerosene-Type Jet Fuel,U.S.,,Product Supplied of Kerosene-Type Jet Fuel,Product Supplied of Kerosene-Type Jet Fuel,Thousand Barrels per Day,weekly
PSW09,Data 10,WPRUP_NUS_2,weekly U.S. Product Supplied of Propane and Propylene,U.S.,,Product Supplied of Propane and Propylene,Product Supplied of Propane and Propylene,Thousand Barrels per Day,weekly
PSW09,Data 10,WREUPUS2,weekly U.S. Product Supplied of Residual Fuel Oil,U.S.,,Product Supplied of Residual Fuel Oil,Product Supplied of Residual Fuel Oil,Thousand Barrels per Day,weekly
PSW09,Data 10,WRPUPUS2,weekly U.S. Product Supplied of Petroleum Products,U.S.,,Product Supplied of Petroleum Products,Product Supplied of Petroleum Products,Thousand Barrels per Day,weekly
PSW09,Data 10,WWOUP_NUS_2,weekly U.S. Product Supplied of Other Oils,U.S.,,Product Supplied of Other Oils,Product Supplied of Other Oils,Thousand Barrels per Day,weekly
PSW09,Data 11,W_EPDM10_VUA_NUS_2,"weekly U.S. Supply Adjustment of Distillate Fuel Oil, Greater than 15 to 500 ppm Sulfur",U.S.,,"Supply Adjustment of Distillate Fuel Oil, Greater than 15 to 500 ppm Sulfur","Supply Adjustment of Distillate Fuel Oil, Greater than 15 to 500 ppm Sulfur",Thousand Barrels per Day,weekly
PSW09,Data 12,WCRFPUS2,4-week U.S. Field Production of Crude Oil,U.S.,,Field Production of Crude Oil,Field Production of Crude Oil,Thousand Barrels per Day,4-week
PSW09,Data 12,W_EPC0_FPF_R48_MBBLD,4-week Lower 48 States Field Production of Crude Oil,Lower 48,,Field Production of Crude Oil,Field Production of Crude Oil,Thousand Barrels per Day,4-week
PSW09,Data 12,W_EPC0_FPF_SAK_MBBLD,4-week Alaska Field Production of Crude Oil,Alaska,,Field Production of Crude Oil,Field Production of Crude Oil,Thousand Barrels per Day,4-week
PSW09,Data 13,WBCRI_NUS_2,4-week U.S. Refiner and Blender Net Input of Gasoline Blending Components,U.S.,,Refiner and Blender Net Input of Gasoline Blending Components,Refiner and Blender Net Input of Gasoline Blending Components,Thousand Barrels per Day,4-week
PSW09,Data 13,WBCRI_R10_2,4-week East Coast (PADD 1) Refiner and Blender Net Input of Gasoline Blending Components,East Coast,,Refiner and Blender Net Input of Gasoline Blending Components,Refiner and Blender Net Input of Gasoline Blending Components,Thousand Barrels per Day,4-week
PSW09,Data 13,WBCRI_R20_2,4-week Midwest (PADD 2) Refiner and Blender Net Input of Gasoline Blending Components,Midwest,,Refiner and Blender Net Input of Gasoline Blending Components,Refiner and Blender Net Input of Gasoline Blending Components,Thousand Barrels per Day,4-week
PSW09,Data 13,WBCRI_R30_2,4-week Gulf Coast (PADD 3) Refiner and Blender Net Input of Gasoline Blending Components,Gulf Coast,,Refiner and Blender Net Input of Gasoline Blending Components,Refiner and Blender Net Input of Gasoline Blending Components,Thousand Barrels per Day,4-week
PSW09,Data 13,WBCRI_R40_2,4-week Rocky Mountain (PADD 4) Refiner and Blender Net Input of Gasoline Blending Components,Rocky Mountain,,Refiner and Blender Net Input of Gasoline Blending Components,Refiner and Blender Net Input of Gasoline Blending Components,Thousand Barrels per Day,4-week
PSW09,Data 13,WBCRI_R50_2,4-week West Coast (PADD 5) Refiner and Blender Net Input of Gasoline Blending Components,West Coast,,Refiner and Blender Net Input of Gasoline Blending Components,Refiner and Blender Net Input of Gasoline Blending Components,Thousand Barrels per Day,4-week
PSW09,Data 13,WCRRIP12,4-week East Coast (PADD 1) Refiner Net Input of Crude Oil,East Coast,,Refiner Net Input of Crude Oil,Refiner Net Input of Crude Oil,Thousand Barrels per Day,4-week
PSW09,Data 13,WCRRIP22,4-week Midwest (PADD 2) Refiner Net Input of Crude Oil,Midwest,,Refiner Net Input of Crude Oil,Refiner Net Input of Crude Oil,Thousand Barrels per Day,4-week
PSW09,Data 13,WCRRIP32,4-week Gulf Coast (PADD 3) Refiner Net Input of Crude Oil,Gulf Coast,,Refiner Net Input of Crude Oil,Refiner Net Input of Crude Oil,Thousand Barrels per Day,4-week
PSW09,Data 13,WCRRIP42,4-week Rocky Mountain (PADD 4) Refiner Net Input of Crude Oil,Rocky Mountain,,Refiner Net Input of Crude Oil,Refiner Net Input of Crude Oil,Thousand Barrels per Day,4-week
PSW09,Data 13,WCRRIP52,4-week West Coast (PADD 5) Refiner Net Input of Crude Oil,West Coast,,Refiner Net Input of Crude Oil,Refiner Net Input of Crude Oil,Thousand Barrels per Day,4-week
PSW09,Data 13,WCRRIUS2,4-week U.S. Refiner Net Input of Crude Oil,U.S.,,Refiner Net Input of Crude Oil,Refiner Net Input of Crude Oil,Thousand Barrels per Day,4-week
PSW09,Data 13,WGIRIP12,4-week East Coast (PADD 1) Gross Inputs into Refineries,East Coast,,Gross Inputs into Refineries,Gross Inputs into Refineries,Thousand Barrels per Day,4-week
PSW09,Data 13,WGIRIP22,4-week Midwest (PADD 2) Gross Inputs into Refineries,Midwest,,Gross Inputs into Refineries,Gross Inputs into Refineries,Thousand Barrels per Day,4-week
PSW09,Data 13,WGIRIP32,4-week Gulf Coast (PADD 3) Gross Inputs into Refineries,Gulf Coast,,Gross Inputs into Refineries,Gross Inputs into Refineries,Thousand Barrels per Day,4-week
PSW09,Data 13,WGIRIP42,4-week Rocky Mountain (PADD 4) Gross Inputs into Refineries,Rocky Mountain,,Gross Inputs into Refineries,Gross Inputs into Refineries,Thousand Barrels per Day,4-week
PSW09,Data 13,WGIRIP52,4-week West Coast (PADD 5) Gross Inputs into Refineries,West Coast,,Gross Inputs into Refineries,Gross Inputs into Refineries,Thousand Barrels per Day,4-week
PSW09,Data 13,WGIRIUS2,4-week U.S. Gross Inputs into Refineries,U.S.,,Gross Inputs into Refineries,Gross Inputs into Refineries,Thousand Barrels per Day,4-week
PSW09,Data 13,WO6RI_NUS_2,4-week U.S. Refiner and Blender Net Input of Conventional CBOB Gasoline Blending Components,U.S.,,Refiner and Blender Net Input of Conventional CBOB Gasoline Blending Components,Refiner and Blender Net Input of Conventional CBOB Gasoline Blending Components,Thousand Barrels per Day,4-week
PSW09,Data 13,WO6RI_R10_2,4-week East Coast (PADD 1) Refiner and Blender Net Input of Conventional CBOB Gasoline Blending Components,East Coast,,Refiner and Blender Net Input of Conventional CBOB Gasoline Blending Components,Refiner and Blender Net Input of Conventional CBOB Gasoline Blending Components,Thousand Barrels per Day,4-week
PSW09,Data 13,WO6RI_R20_2,4-week Midwest (PADD 2) Refiner and Blender Net Input of Conventional CBOB Gasoline Blending Components,Midwest,,Refiner and Blender Net Input of Conventional CBOB Gasoline Blending Components,Refiner and Blender Net Input of Conventional CBOB Gasoline Blending Components,Thousand Barrels per Day,4-week
PSW09,Data 13,WO6RI_R30_2,4-week Gulf Coast (PADD 3) Refiner and Blender Net Input of Conventional CBOB Gasoline Blending Components,Gulf Coast,,Refiner and Blender Net Input of Conventional CBOB Gasoline Blending Components,Refiner and Blender Net Input of Conventional CBOB Gasoline Blending Components,Thousand Barrels per Day,4-week
PSW09,Data 13,WO6RI_R40_2,4-week Rocky Mountain (PADD 4) Refiner and Blender Net Input of Conventional CBOB Gasoline Blending Components,Rocky Mountain,,Refiner and Blender Net Input of Conventional CBOB Gasoline Blending Components,Refiner and Blender Net Input of Conventional CBOB Gasoline Blending Components,Thousand Barrels per Day,4-week
PSW09,Data 13,WO6RI_R50_2,4-week West Coast (PADD 5) Refiner and Blender Net Input of Conventional CBOB Gasoline Blending Components,West Coast,,Refiner and Blender Net Input of Conventional CBOB Gasoline Blending Components,Refiner and Blender Net Input of Conventional CBOB Gasoline Blending Components,Thousand Barrels per Day,4-week
PSW09,Data 13,WO7RI_NUS_2,4-week U.S. Refiner and Blender Net Input of Conventional GTAB Gasoline Blending Components,U.S.,,Refiner and Blender Net Input of Conventional GTAB Gasoline Blending Components,Refiner and Blender Net Input of Conventional GTAB Gasoline Blending Components,Thousand Barrels per Day,4-week
PSW09,Data 13,WO7RI_R10_2,4-week East Coast (PADD 1) Refiner and Blender Net Input of Conventional GTAB Gasoline Blending Components,East Coast,,Refiner and Blender Net Input of Conventional GTAB Gasoline Blending Components,Refiner and Blender Net Input of Conventional GTAB Gasoline Blending Components,Thousand Barrels per Day,4-week
PSW09,Data 13,WO7RI_R20_2,4-week Midwest (PADD 2) Refiner and Blender Net Input of Conventional GTAB Gasoline Blending Components,Midwest,,Refiner and Blender Net Input of Conventional GTAB Gasoline Blending Components,Refiner and Blender Net Input of Conventional GTAB Gasoline Blending Components,Thousand Barrels per Day,4-week
PSW09,Data 13,WO7RI_R30_2,4-week Gulf Coast (PADD 3) Refiner and Blender Net Input of Conventional GTAB Gasoline Blending Components,Gulf Coast,,Refiner and Blender Net Input of Conventional GTAB Gasoline Blending Components,Refiner and Blender Net Input of Conventional GTAB Gasoline Blending Components,Thousand Barrels per Day,4-week
PSW09,Data 13,WO7RI_R40_2,4-week Rocky Mountain (PADD 4) Refiner and Blender Net Input of Conventional GTAB Gasoline Blending Components,Rocky Mountain,,Refiner and Blender Net Input of Conventional GTAB Gasoline Blending Components,Refiner and Blender Net Input of Conventional GTAB Gasoline Blending Components,Thousand Barrels per Day,4-week
PSW09,Data 13,WO7RI_R50_2,4-week West Coast (PADD 5) Refiner and Blender Net Input of Conventional GTAB Gasoline Blending Components,West Coast,,Refiner and Blender Net Input of Conventional GTAB Gasoline Blending Components,Refiner and Blender Net Input of Conventional GTAB Gasoline Blending Components,Thousand Barrels per Day,4-week
PSW09,Data 13,WO9RI_NUS_2,4-week U.S. Refiner and Blender Net Input of Conventional Other Gasoline Blending Components,U.S.,,Refiner and Blender Net Input of Conventional Other Gasoline Blending Components,Refiner and Blender Net Input of Conventional Other Gasoline Blending Components,Thousand Barrels per Day,4-week
PSW09,Data 13,WO9RI_R10_2,4-week East Coast (PADD 1) Refiner and Blender Net Input of Conventional Other Gasoline Blending Components,East Coast,,Refiner and Blender Net Input of Conventional Other Gasoline Blending Components,Refiner and Blender Net Input of Conventional Other Gasoline Blending Components,Thousand Barrels per Day,4-week
PSW09,Data 13,WO9RI_R20_2,4-week Midwest (PADD 2) Refiner and Blender Net Input of Conventional Other Gasoline Blending Components,Midwest,,Refiner and Blender Net Input of Conventional Other Gasoline Blending Components,Refiner and Blender Net Input of Conventional Other Gasoline Blending Components,Thousand Barrels per Day,4-week
PSW09,Data 13,WO9RI_R30_2,4-week Gulf Coast (PADD 3) Refiner and Blender Net Input of Conventional Other Gasoline Blending Components,Gulf Coast,,Refiner and Blender Net Input of Conventional Other Gasoline Blending Components,Refiner and Blender Net Input of Conventional Other Gasoline Blending Components,Thousand Barrels per Day,4-week
PSW09,Data 13,WO9RI_R40_2,4-week Rocky Mountain (PADD 4) Refiner and Blender Net Input of Conventional Other Gasoline Blending Components,Rocky Mountain,,Refiner and Blender Net Input of Conventional Other Gasoline Blending Components,Refiner and Blender Net Input of Conventional Other Gasoline Blending Components,Thousand Barrels per Day,4-week
PSW09,Data 13,WO9RI_R50_2,4-week West Coast (PADD 5) Refiner and Blender Net Input of Conventional Other Gasoline Blending Components,West Coast,,Refiner and Blender Net Input of Conventional Other Gasoline Blending Components,Refiner and Blender Net Input of Conventional Other Gasoline Blending Components,Thousand Barrels per Day,4-week
PSW09,Data 13,WOCLEUS2,4-week U. S. Operable Crude Oil Distillation Capacity,,,U. S. Operable Crude Oil Distillation Capacity,U. S. Operable Crude Oil Distillation Capacity,Thousand Barrels per Calendar Day,4-week
PSW09,Data 13,WPULEUS3,4-week U.S. Percent Utilization of Refinery Operable Capacity,U.S.,,Percent Utilization of Refinery Operable Capacity,Percent Utilization of Refinery Operable Capacity,Percent,4-week
PSW09,Data 13,W_EPOBGRR_YIR_NUS_MBBLD,"4-week U.S. Refiner and Blender Net Input of Motor Gasoline Blending Components, RBOB",U.S.,,"Refiner and Blender Net Input of Motor Gasoline Blending Components, RBOB","Refiner and Blender Net Input of Motor Gasoline Blending Components, RBOB",Thousand Barrels per Day,4-week
PSW09,Data 13,W_EPOBGRR_YIR_R10_MBBLD,"4-week East Coast (PADD 1) Refiner and Blender Net Input of Motor Gasoline Blending Components, RBOB",East Coast,,"Refiner and Blender Net Input of Motor Gasoline Blending Components, RBOB","Refiner and Blender Net Input of Motor Gasoline Blending Components, RBOB",Thousand Barrels per Day,4-week
PSW09,Data 13,W_EPOBGRR_YIR_R20_MBBLD,"4-week Midwest (PADD2) Refiner and Blender Net Input of Motor Gasoline Blending Components, RBOB",,,"Midwest (PADD2) Refiner and Blender Net Input of Motor Gasoline Blending Components, RBOB","Midwest (PADD2) Refiner and Blender Net Input of Motor Gasoline Blending Components, RBOB",Thousand Barrels per Day,4-week
PSW09,Data 13,W_EPOBGRR_YIR_R30_MBBLD,"4-week Gulf Coast (PADD 3) Refiner and Blender Net Input of Motor Gasoline Blending Components, RBOB",Gulf Coast,,"Refiner and Blender Net Input of Motor Gasoline Blending Components, RBOB","Refiner and Blender Net Input of Motor Gasoline Blending Components, RBOB",Thousand Barrels per Day,4-week
PSW09,Data 13,W_EPOBGRR_YIR_R40_MBBLD,"4-week Rocky Mountain (PADD 4) Refiner and Blender Net Input of Motor Gasoline Blending Components, RBOB",Rocky Mountain,,"Refiner and Blender Net Input of Motor Gasoline Blending Components, RBOB","Refiner and Blender Net Input of Motor Gasoline Blending Components, RBOB",Thousand Barrels per Day,4-week
PSW09,Data 13,W_EPOBGRR_YIR_R50_MBBLD,"4-week West Coast (PADD 5) Refiner and Blender Net Input of Motor Gasoline Blending Components, RBOB",West Coast,,"Refiner and Blender Net Input of Motor Gasoline Blending Components, RBOB","Refiner and Blender Net Input of Motor Gasoline Blending Components, RBOB",Thousand Barrels per Day,4-week
PSW09,Data 13,W_EPOOXE_YIR_NUS_MBBLD,4-week U.S. Refiner and Blender Net Input of Fuel Ethanol,U.S.,,Refiner and Blender Net Input of Fuel Ethanol,Refiner and Blender Net Input of Fuel Ethanol,Thousand Barrels per Day,4-week
PSW09,Data 13,W_EPOOXE_YIR_R10_MBBLD,4-week East Coast (PADD 1) Refiner and Blender Net Input of Fuel Ethanol,East Coast,,Refiner and Blender Net Input of Fuel Ethanol,Refiner and Blender Net Input of Fuel Ethanol,Thousand Barrels per Day,4-week
PSW09,Data 13,W_EPOOXE_YIR_R20_MBBLD,4-week Midwest (PADD 2) Refiner and Blender Net Input of Fuel Ethanol,Midwest,,Refiner and Blender Net Input of Fuel Ethanol,Refiner and Blender Net Input of Fuel Ethanol,Thousand Barrels per Day,4-week
PSW09,Data 13,W_EPOOXE_YIR_R30_MBBLD,4-week Gulf Coast (PADD 3) Refiner and Blender Net Input of Fuel Ethanol,Gulf Coast,,Refiner and Blender Net Input of Fuel Ethanol,Refiner and Blender Net Input of Fuel Ethanol,Thousand Barrels per Day,4-week
PSW09,Data 13,W_EPOOXE_YIR_R40_MBBLD,4-week Rocky Mountain (PADD 4) Refiner and Blender Net Input of Fuel Ethanol,Rocky Mountain,,Refiner and Blender Net Input of Fuel Ethanol,Refiner and Blender Net Input of Fuel Ethanol,Thousand Barrels per Day,4-week
PSW09,Data 13,W_EPOOXE_YIR_R50_MBBLD,4-week West Coast (PADD 5) Refiner and Blender Net Input of Fuel Ethanol,West Coast,,Refiner and Blender Net Input of Fuel Ethanol,Refiner and Blender Net Input of Fuel Ethanol,Thousand Barrels per Day,4-week
PSW09,Data 13,W_NA_YRL_R10_MBBLD,4-week East Coast (PADD 1) Operable Crude Oil Distillation Capacity,East Coast,,Operable Crude Oil Distillation Capacity,Operable Crude Oil Distillation Capacity,Thousand Barrels per Calendar Day,4-week
PSW09,Data 13,W_NA_YRL_R20_MBBLD,4-week Midwest (PADD 2) Operable Crude Oil Distillation Capacity,Midwest,,Operable Crude Oil Distillation Capacity,Operable Crude Oil Distillation Capacity,Thousand Barrels per Calendar Day,4-week
PSW09,Data 13,W_NA_YRL_R30_MBBLD,4-week Gulf Coast (PADD 3) Operable Crude Oil Distillation Capacity,Gulf Coast,,Operable Crude Oil Distillation Capacity,Operable Crude Oil Distillation Capacity,Thousand Barrels per Calendar Day,4-week
PSW09,Data 13,W_NA_YRL_R40_MBBLD,4-week Rocky Mountains (PADD 4) Operable Crude Oil Distillation Capacity,,,Rocky Mountains (PADD 4) Operable Crude Oil Distillation Capacity,Rocky Mountains (PADD 4) Operable Crude Oil Distillation Capacity,Thousand Barrels per Calendar Day,4-week
PSW09,Data 13,W_NA_YRL_R50_MBBLD,4-week West Coast (PADD 5) Operable Crude Oil Distillation Capacity,West Coast,,Operable Crude Oil Distillation Capacity,Operable Crude Oil Distillation Capacity,Thousand Barrels per Calendar Day,4-week
PSW09,Data 13,W_NA_YUP_R10_PER,4-week East Coast (PADD 1) Percent Utilization of Refinery Operable Capacity,East Coast,,Percent Utilization of Refinery Operable Capacity,Percent Utilization of Refinery Operable Capacity,Percent,4-week
PSW09,Data 13,W_NA_YUP_R20_PER,4-week Midwest (PADD 2) Percent Utilization of Refinery Operable Capacity,Midwest,,Percent Utilization of Refinery Operable Capacity,Percent Utilization of Refinery Operable Capacity,Percent,4-week
PSW09,Data 13,W_NA_YUP_R30_PER,4-week Gulf Coast (PADD 3) Percent Utilization of Refinery Operable Capacity,Gulf Coast,,Percent Utilization of Refinery Operable Capacity,Percent Utilization of Refinery Operable Capacity,Percent,4-week
PSW09,Data 13,W_NA_YUP_R40_PER,4-week Rocky Mountains (PADD 4) Percent Utilization of Refinery Operable Capacity,,,Rocky Mountains (PADD 4) Percent Utilization of Refinery Operable Capacity,Rocky Mountains (PADD 4) Percent Utilization of Refinery Operable Capacity,Percent,4-week
PSW09,Data 13,W_NA_YUP_R50_PER,4-week West Coast (PADD 5) Percent Utilization of Refinery Operable Capacity,West Coast,,Percent Utilization of Refinery Operable Capacity,Percent Utilization of Refinery Operable Capacity,Percent,4-week
PSW09,Data 14,WD0TP_NUS_2,"4-week U.S. Refiner and Blender Net Production of Distillate Fuel Oil, 0 to 15 ppm Sulfur",U.S.,,"Refiner and Blender Net Production of Distillate Fuel Oil, 0 to 15 ppm Sulfur","Refiner and Blender Net Production of Distillate Fuel Oil, 0 to 15 ppm Sulfur",Thousand Barrels per Day,4-week
PSW09,Data 14,WD0TP_R10_2,"4-week East Coast (PADD 1) Refiner and Blender Net Production of Distillate Fuel Oil, 0 to 15 ppm Sulfur",East Coast,,"Refiner and Blender Net Production of Distillate Fuel Oil, 0 to 15 ppm Sulfur","Refiner and Blender Net Production of Distillate Fuel Oil, 0 to 15 ppm Sulfur",Thousand Barrels per Day,4-week
PSW09,Data 14,WD0TP_R20_2,"4-week Midwest (PADD 2) Refiner and Blender Net Production of Distillate Fuel Oil, 0 to 15 ppm Sulfur",Midwest,,"Refiner and Blender Net Production of Distillate Fuel Oil, 0 to 15 ppm Sulfur","Refiner and Blender Net Production of Distillate Fuel Oil, 0 to 15 ppm Sulfur",Thousand Barrels per Day,4-week
PSW09,Data 14,WD0TP_R30_2,"4-week Gulf Coast (PADD 3) Refiner and Blender Net Production of Distillate Fuel Oil, 0 to 15 ppm Sulfur",Gulf Coast,,"Refiner and Blender Net Production of Distillate Fuel Oil, 0 to 15 ppm Sulfur","Refiner and Blender Net Production of Distillate Fuel Oil, 0 to 15 ppm Sulfur",Thousand Barrels per Day,4-week
PSW09,Data 14,WD0TP_R40_2,"4-week Rocky Mountain (PADD 4) Refiner and Blender Net Production of Distillate Fuel Oil, 0 to 15 ppm Sulfur",Rocky Mountain,,"Refiner and Blender Net Production of Distillate Fuel Oil, 0 to 15 ppm Sulfur","Refiner and Blender Net Production of Distillate Fuel Oil, 0 to 15 ppm Sulfur",Thousand Barrels per Day,4-week
PSW09,Data 14,WD0TP_R50_2,"4-week West Coast (PADD 5) Refiner and Blender Net Production of Distillate Fuel Oil, 0 to 15 ppm Sulfur",West Coast,,"Refiner and Blender Net Production of Distillate Fuel Oil, 0 to 15 ppm Sulfur","Refiner and Blender Net Production of Distillate Fuel Oil, 0 to 15 ppm Sulfur",Thousand Barrels per Day,4-week
PSW09,Data 14,WD1TP_NUS_2,"4-week U.S. Production of Distillate Fuel Oil, Greater than 15 to 500 ppm Sulfur",U.S.,,"Production of Distillate Fuel Oil, Greater than 15 to 500 ppm Sulfur","Production of Distillate Fuel Oil, Greater than 15 to 500 ppm Sulfur",Thousand Barrels per Day,4-week
PSW09,Data 14,WD1TP_R10_2,"4-week East Coast (PADD 1) Refiner and Blender Net Production of Distillate Fuel Oil, Greater than 15 to 500 ppm Sulfur",East Coast,,"Refiner and Blender Net Production of Distillate Fuel Oil, Greater than 15 to 500 ppm Sulfur","Refiner and Blender Net Production of Distillate Fuel Oil, Greater than 15 to 500 ppm Sulfur",Thousand Barrels per Day,4-week
PSW09,Data 14,WD1TP_R20_2,"4-week Midwest (PADD 2)Refiner and Blender Net Production of Distillate Fuel Oil, Greater than 15 to 500 ppm Sulfur",,,"Midwest (PADD 2)Refiner and Blender Net Production of Distillate Fuel Oil, Greater than 15 to 500 ppm Sulfur","Midwest (PADD 2)Refiner and Blender Net Production of Distillate Fuel Oil, Greater than 15 to 500 ppm Sulfur",Thousand Barrels per Day,4-week
PSW09,Data 14,WD1TP_R30_2,"4-week Gulf Coast (PADD 3) Refiner and Blender Net Production of Distillate Fuel Oil, Greater than 15 to 500 ppm Sulfur",Gulf Coast,,"Refiner and Blender Net Production of Distillate Fuel Oil, Greater than 15 to 500 ppm Sulfur","Refiner and Blender Net Production of Distillate Fuel Oil, Greater than 15 to 500 ppm Sulfur",Thousand Barrels per Day,4-week
PSW09,Data 14,WD1TP_R40_2,"4-week Rocky Mountain (PADD 4) Refiner and Blender Net Production of Distillate Fuel Oil, Greater than 15 to 500 ppm Sulfur",Rocky Mountain,,"Refiner and Blender Net Production of Distillate Fuel Oil, Greater than 15 to 500 ppm Sulfur","Refiner and Blender Net Production of Distillate Fuel Oil, Greater than 15 to 500 ppm Sulfur",Thousand Barrels per Day,4-week
PSW09,Data 14,WD1TP_R50_2,"4-week West Coast (PADD 5) Refiner and Blender Net Production of Distillate Fuel Oil, Greater than 15 to 500 ppm Sulfur",West Coast,,"Refiner and Blender Net Production of Distillate Fuel Oil, Greater than 15 to 500 ppm Sulfur","Refiner and Blender Net Production of Distillate Fuel Oil, Greater than 15 to 500 ppm Sulfur",Thousand Barrels per Day,4-week
PSW09,Data 14,WDGRPP12,4-week East Coast (PADD 1) Refiner and Blender Net Production of Distillate Fuel Oil Greater than 500 ppm Sulfur,East Coast,,Refiner and Blender Net Production of Distillate Fuel Oil Greater than 500 ppm Sulfur,Refiner and Blender Net Production of Distillate Fuel Oil Greater than 500 ppm Sulfur,Thousand Barrels per Day,4-week
PSW09,Data 14,WDGRPP22,4-week Midwest (PADD 2) Refiner and Blender Net Production of Distillate Fuel Oil Greater than 500 ppm Sulfur,Midwest,,Refiner and Blender Net Production of Distillate Fuel Oil Greater than 500 ppm Sulfur,Refiner and Blender Net Production of Distillate Fuel Oil Greater than 500 ppm Sulfur,Thousand Barrels per Day,4-week
PSW09,Data 14,WDGRPP32,4-week Gulf Coast (PADD 3) Refiner and Blender Net Production of Distillate Fuel Oil Greater than 500 ppm Sulfur,Gulf Coast,,Refiner and Blender Net Production of Distillate Fuel Oil Greater than 500 ppm Sulfur,Refiner and Blender Net Production of Distillate Fuel Oil Greater than 500 ppm Sulfur,Thousand Barrels per Day,4-week
PSW09,Data 14,WDGRPP42,4-week Rocky Mountain (PADD 4) Refiner and Blender Net Production of Distillate Fuel Oil Greater than 500 ppm Sulfur,Rocky Mountain,,Refiner and Blender Net Production of Distillate Fuel Oil Greater than 500 ppm Sulfur,Refiner and Blender Net Production of Distillate Fuel Oil Greater than 500 ppm Sulfur,Thousand Barrels per Day,4-week
PSW09,Data 14,WDGRPP52,4-week West Coast (PADD 5) Refiner and Blender Net Production of Distillate Fuel Oil Greater than 500 ppm Sulfur,West Coast,,Refiner and Blender Net Production of Distillate Fuel Oil Greater than 500 ppm Sulfur,Refiner and Blender Net Production of Distillate Fuel Oil Greater than 500 ppm Sulfur,Thousand Barrels per Day,4-week
PSW09,Data 14,WDGRPUS2,4-week U.S. Refiner and Blender Net Production of Distillate Fuel Oil Greater than 500 ppm Sulfur,U.S.,,Refiner and Blender Net Production of Distillate Fuel Oil Greater than 500 ppm Sulfur,Refiner and Blender Net Production of Distillate Fuel Oil Greater than 500 ppm Sulfur,Thousand Barrels per Day,4-week
PSW09,Data 14,WDIRPP12,4-week East Coast (PADD 1) Refiner and Blender Net Production of Distillate Fuel Oil,East Coast,,Refiner and Blender Net Production of Distillate Fuel Oil,Refiner and Blender Net Production of Distillate Fuel Oil,Thousand Barrels per Day,4-week
PSW09,Data 14,WDIRPP22,4-week Midwest (PADD 2) Refiner and Blender Net Production of Distillate Fuel Oil,Midwest,,Refiner and Blender Net Production of Distillate Fuel Oil,Refiner and Blender Net Production of Distillate Fuel Oil,Thousand Barrels per Day,4-week
PSW09,Data 14,WDIRPP32,4-week Gulf Coast (PADD 3) Refiner and Blender Net Production of Distillate Fuel Oil,Gulf Coast,,Refiner and Blender Net Production of Distillate Fuel Oil,Refiner and Blender Net Production of Distillate Fuel Oil,Thousand Barrels per Day,4-week
PSW09,Data 14,WDIRPP42,4-week Rocky Mountain (PADD 4) Refiner and Blender Net Production of Distillate Fuel Oil,Rocky Mountain,,Refiner and Blender Net Production of Distillate Fuel Oil,Refiner and Blender Net Production of Distillate Fuel Oil,Thousand Barrels per Day,4-week
PSW09,Data 14,WDIRPP52,4-week West Coast (PADD 5) Refiner and Blender Net Production of Distillate Fuel Oil,West Coast,,Refiner and Blender Net Production of Distillate Fuel Oil,Refiner and Blender Net Production of Distillate Fuel Oil,Thousand Barrels per Day,4-week
PSW09,Data 14,WDIRPUS2,4-week U.S. Refiner and Blender Net Production of Distillate Fuel Oil,U.S.,,Refiner and Blender Net Production of Distillate Fuel Oil,Refiner and Blender Net Production of Distillate Fuel Oil,Thousand Barrels per Day,4-week
PSW09,Data 14,WG1TP_NUS_2,4-week U.S. Refiner and Blender Net Production of Finished Reformulated Motor Gasoline with Ethanol,U.S.,,Refiner and Blender Net Production of Finished Reformulated Motor Gasoline with Ethanol,Refiner and Blender Net Production of Finished Reformulated Motor Gasoline with Ethanol,Thousand Barrels per Day,4-week
PSW09,Data 14,WG1TP_R10_2,4-week East Coast (PADD 1) Refiner and Blender Net Production of Finished Reformulated Motor Gasoline with Ethanol,East Coast,,Refiner and Blender Net Production of Finished Reformulated Motor Gasoline with Ethanol,Refiner and Blender Net Production of Finished Reformulated Motor Gasoline with Ethanol,Thousand Barrels per Day,4-week
PSW09,Data 14,WG1TP_R20_2,4-week Midwest (PADD 2) Refiner and Blender Net Production of Finished Reformulated Motor Gasoline with Ethanol,Midwest,,Refiner and Blender Net Production of Finished Reformulated Motor Gasoline with Ethanol,Refiner and Blender Net Production of Finished Reformulated Motor Gasoline with Ethanol,Thousand Barrels per Day,4-week
PSW09,Data 14,WG1TP_R30_2,4-week Gulf Coast (PADD 3) Refiner and Blender Net Production of Finished Reformulated Motor Gasoline with Ethanol,Gulf Coast,,Refiner and Blender Net Production of Finished Reformulated Motor Gasoline with Ethanol,Refiner and Blender Net Production of Finished Reformulated Motor Gasoline with Ethanol,Thousand Barrels per Day,4-week
PSW09,Data 14,WG1TP_R40_2,4-week Rocky Mountain (PADD 4) Refiner and Blender Net Production of Finished Reformulated Motor Gasoline with Ethanol,Rocky Mountain,,Refiner and Blender Net Production of Finished Reformulated Motor Gasoline with Ethanol,Refiner and Blender Net Production of Finished Reformulated Motor Gasoline with Ethanol,Thousand Barrels per Day,4-week
PSW09,Data 14,WG1TP_R50_2,4-week West Coast (PADD 5) Refiner and Blender Net Production of Finished Reformulated Motor Gasoline with Ethanol,West Coast,,Refiner and Blender Net Production of Finished Reformulated Motor Gasoline with Ethanol,Refiner and Blender Net Production of Finished Reformulated Motor Gasoline with Ethanol,Thousand Barrels per Day,4-week
PSW09,Data 14,WG4TP_NUS_2,4-week U.S. Refiner and Blender Net Production of Conventional Motor Gasoline,U.S.,,Refiner and Blender Net Production of Conventional Motor Gasoline,Refiner and Blender Net Production of Conventional Motor Gasoline,Thousand Barrels per Day,4-week
PSW09,Data 14,WG4TP_R10_2,4-week East Coast (PADD 1) Refiner and Blender Net Production of Conventional Motor Gasoline,East Coast,,Refiner and Blender Net Production of Conventional Motor Gasoline,Refiner and Blender Net Production of Conventional Motor Gasoline,Thousand Barrels per Day,4-week
PSW09,Data 14,WG4TP_R20_2,4-week Midwest (PADD 2) Refiner and Blender Net Production of Conventional Motor Gasoline,Midwest,,Refiner and Blender Net Production of Conventional Motor Gasoline,Refiner and Blender Net Production of Conventional Motor Gasoline,Thousand Barrels per Day,4-week
PSW09,Data 14,WG4TP_R30_2,4-week Gulf Coast (PADD 3) Refiner and Blender Net Production of Conventional Motor Gasoline,Gulf Coast,,Refiner and Blender Net Production of Conventional Motor Gasoline,Refiner and Blender Net Production of Conventional Motor Gasoline,Thousand Barrels per Day,4-week
PSW09,Data 14,WG4TP_R40_2,4-week Rocky Mountain (PADD 4) Refiner and Blender Net Production of Conventional Motor Gasoline,Rocky Mountain,,Refiner and Blender Net Production of Conventional Motor Gasoline,Refiner and Blender Net Production of Conventional Motor Gasoline,Thousand Barrels per Day,4-week
PSW09,Data 14,WG4TP_R50_2,4-week West Coast (PADD 5) Refiner and Blender Net Production of Conventional Motor Gasoline,West Coast,,Refiner and Blender Net Production of Conventional Motor Gasoline,Refiner and Blender Net Production of Conventional Motor Gasoline,Thousand Barrels per Day,4-week
PSW09,Data 14,WG5TP_NUS_2,4-week U.S. Refiner and Blender Net Production of Finished Conventional Motor Gasoline with Ethanol,U.S.,,Refiner and Blender Net Production of Finished Conventional Motor Gasoline with Ethanol,Refiner and Blender Net Production of Finished Conventional Motor Gasoline with Ethanol,Thousand Barrels per Day,4-week
PSW09,Data 14,WG5TP_R10_2,4-week East Coast (PADD 1) Refiner and Blender Net Production of Finished Conventional Motor Gasoline with Ethanol,East Coast,,Refiner and Blender Net Production of Finished Conventional Motor Gasoline with Ethanol,Refiner and Blender Net Production of Finished Conventional Motor Gasoline with Ethanol,Thousand Barrels per Day,4-week
PSW09,Data 14,WG5TP_R20_2,4-week Midwest (PADD 2) Refiner and Blender Net Production of Finished Conventional Motor Gasoline with Ethanol,Midwest,,Refiner and Blender Net Production of Finished Conventional Motor Gasoline with Ethanol,Refiner and Blender Net Production of Finished Conventional Motor Gasoline with Ethanol,Thousand Barrels per Day,4-week
PSW09,Data 14,WG5TP_R30_2,4-week Gulf Coast (PADD 3) Refiner and Blender Net Production of Finished Conventional Motor Gasoline with Ethanol,Gulf Coast,,Refiner and Blender Net Production of Finished Conventional Motor Gasoline with Ethanol,Refiner and Blender Net Production of Finished Conventional Motor Gasoline with Ethanol,Thousand Barrels per Day,4-week
PSW09,Data 14,WG5TP_R40_2,4-week Rocky Mountain (PADD 4) Refiner and Blender Net Production of Finished Conventional Motor Gasoline with Ethanol,Rocky Mountain,,Refiner and Blender Net Production of Finished Conventional Motor Gasoline with Ethanol,Refiner and Blender Net Production of Finished Conventional Motor Gasoline with Ethanol,Thousand Barrels per Day,4-week
PSW09,Data 14,WG5TP_R50_2,4-week West Coast (PADD 5) Refiner and Blender Net Production of Finished Conventional Motor Gasoline with Ethanol,West Coast,,Refiner and Blender Net Production of Finished Conventional Motor Gasoline with Ethanol,Refiner and Blender Net Production of Finished Conventional Motor Gasoline with Ethanol,Thousand Barrels per Day,4-week
PSW09,Data 14,WG6TP_NUS_2,4-week U.S. Refiner and Blender Net Production of Other Finished Conventional Motor Gasoline,U.S.,,Refiner and Blender Net Production of Other Finished Conventional Motor Gasoline,Refiner and Blender Net Production of Other Finished Conventional Motor Gasoline,Thousand Barrels per Day,4-week
PSW09,Data 14,WG6TP_R10_2,4-week East Coast (PADD 1) Refiner and Blender Net Production of Other Finished Conventional Motor Gasoline,East Coast,,Refiner and Blender Net Production of Other Finished Conventional Motor Gasoline,Refiner and Blender Net Production of Other Finished Conventional Motor Gasoline,Thousand Barrels per Day,4-week
PSW09,Data 14,WG6TP_R20_2,4-week Midwest (PADD 2) Refiner and Blender Net Production of Other Finished Conventional Motor Gasoline,Midwest,,Refiner and Blender Net Production of Other Finished Conventional Motor Gasoline,Refiner and Blender Net Production of Other Finished Conventional Motor Gasoline,Thousand Barrels per Day,4-week
PSW09,Data 14,WG6TP_R30_2,4-week Gulf Coast (PADD 3) Refiner and Blender Net Production of Other Finished Conventional Motor Gasoline,Gulf Coast,,Refiner and Blender Net Production of Other Finished Conventional Motor Gasoline,Refiner and Blender Net Production of Other Finished Conventional Motor Gasoline,Thousand Barrels per Day,4-week
PSW09,Data 14,WG6TP_R40_2,4-week Rocky Mountain (PADD 4) Refiner and Blender Net Production of Other Finished Conventional Motor Gasoline,Rocky Mountain,,Refiner and Blender Net Production of Other Finished Conventional Motor Gasoline,Refiner and Blender Net Production of Other Finished Conventional Motor Gasoline,Thousand Barrels per Day,4-week
PSW09,Data 14,WG6TP_R50_2,4-week West Coast (PADD 5) Refiner and Blender Net Production of Other Finished Conventional Motor Gasoline,West Coast,,Refiner and Blender Net Production of Other Finished Conventional Motor Gasoline,Refiner and Blender Net Production of Other Finished Conventional Motor Gasoline,Thousand Barrels per Day,4-week
PSW09,Data 14,WGFRPP12,4-week East Coast (PADD 1) Refiner and Blender Net Production of Finished Motor Gasoline,East Coast,,Refiner and Blender Net Production of Finished Motor Gasoline,Refiner and Blender Net Production of Finished Motor Gasoline,Thousand Barrels per Day,4-week
PSW09,Data 14,WGFRPP22,4-week Midwest (PADD 2) Refiner and Blender Net Production of Finished Motor Gasoline,Midwest,,Refiner and Blender Net Production of Finished Motor Gasoline,Refiner and Blender Net Production of Finished Motor Gasoline,Thousand Barrels per Day,4-week
PSW09,Data 14,WGFRPP32,4-week Gulf Coast (PADD 3) Refiner and Blender Net Production of Finished Motor Gasoline,Gulf Coast,,Refiner and Blender Net Production of Finished Motor Gasoline,Refiner and Blender Net Production of Finished Motor Gasoline,Thousand Barrels per Day,4-week
PSW09,Data 14,WGFRPP42,4-week Rocky Mountain (PADD 4) Refiner and Blender Net Production of Finished Motor Gasoline,Rocky Mountain,,Refiner and Blender Net Production of Finished Motor Gasoline,Refiner and Blender Net Production of Finished Motor Gasoline,Thousand Barrels per Day,4-week
PSW09,Data 14,WGFRPP52,4-week West Coast (PADD 5) Refiner and Blender Net Production of Finished Motor Gasoline,West Coast,,Refiner and Blender Net Production of Finished Motor Gasoline,Refiner and Blender Net Production of Finished Motor Gasoline,Thousand Barrels per Day,4-week
PSW09,Data 14,WGFRPUS2,4-week U.S. Refiner and Blender Adjusted Net Production of Finished Motor Gasoline,U.S.,,Refiner and Blender Adjusted Net Production of Finished Motor Gasoline,Refiner and Blender Adjusted Net Production of Finished Motor Gasoline,Thousand Barrels per Day,4-week
PSW09,Data 14,WGRRPP12,4-week East Coast (PADD 1) Refiner and Blender Net Production of Reformulated Motor Gasoline,East Coast,,Refiner and Blender Net Production of Reformulated Motor Gasoline,Refiner and Blender Net Production of Reformulated Motor Gasoline,Thousand Barrels per Day,4-week
PSW09,Data 14,WGRRPP22,4-week Midwest (PADD 2) Refiner and Blender Net Production of Reformulated Motor Gasoline,Midwest,,Refiner and Blender Net Production of Reformulated Motor Gasoline,Refiner and Blender Net Production of Reformulated Motor Gasoline,Thousand Barrels per Day,4-week
PSW09,Data 14,WGRRPP32,4-week Gulf Coast (PADD 3) Refiner and Blender Net Production of Reformulated Motor Gasoline,Gulf Coast,,Refiner and Blender Net Production of Reformulated Motor Gasoline,Refiner and Blender Net Production of Reformulated Motor Gasoline,Thousand Barrels per Day,4-week
PSW09,Data 14,WGRRPP42,4-week Rocky Mountain (PADD 4) Refiner and Blender Net Production of Reformulated Motor Gasoline,Rocky Mountain,,Refiner and Blender Net Production of Reformulated Motor Gasoline,Refiner and Blender Net Production of Reformulated Motor Gasoline,Thousand Barrels per Day,4-week
PSW09,Data 14,WGRRPP52,4-week West Coast (PADD 5) Refiner and Blender Net Production of Reformulated Motor Gasoline,West Coast,,Refiner and Blender Net Production of Reformulated Motor Gasoline,Refiner and Blender Net Production of Reformulated Motor Gasoline,Thousand Barrels per Day,4-week
PSW09,Data 14,WGRRPUS2,4-week U.S. Refiner and Blender Net Production of Reformulated Motor Gasoline,U.S.,,Refiner and Blender Net Production of Reformulated Motor Gasoline,Refiner and Blender Net Production of Reformulated Motor Gasoline,Thousand Barrels per Day,4-week
PSW09,Data 14,WKCRPP12,4-week East Coast (PADD 1) Refiner and Blender Net Production of Commercial Kerosene-Type Jet Fuel,East Coast,,Refiner and Blender Net Production of Commercial Kerosene-Type Jet Fuel,Refiner and Blender Net Production of Commercial Kerosene-Type Jet Fuel,Thousand Barrels per Day,4-week
PSW09,Data 14,WKCRPP22,4-week Midwest (PADD 2) Refiner and Blender Net Production of Commercial Kerosene-Type Jet Fuel,Midwest,,Refiner and Blender Net Production of Commercial Kerosene-Type Jet Fuel,Refiner and Blender Net Production of Commercial Kerosene-Type Jet Fuel,Thousand Barrels per Day,4-week
PSW09,Data 14,WKCRPP32,4-week Gulf Coast (PADD 3) Refiner and Blender Net Production of Commercial Kerosene-Type Jet Fuel,Gulf Coast,,Refiner and Blender Net Production of Commercial Kerosene-Type Jet Fuel,Refiner and Blender Net Production of Commercial Kerosene-Type Jet Fuel,Thousand Barrels per Day,4-week
PSW09,Data 14,WKCRPP42,4-week Rocky Mountain (PADD 4) Refiner and Blender Net Production of Commercial Kerosene-Type Jet Fuel,Rocky Mountain,,Refiner and Blender Net Production of Commercial Kerosene-Type Jet Fuel,Refiner and Blender Net Production of Commercial Kerosene-Type Jet Fuel,Thousand Barrels per Day,4-week
PSW09,Data 14,WKCRPP52,4-week West Coast (PADD 5) Refiner and Blender Net Production of Commercial Kerosene-Type Jet Fuel,West Coast,,Refiner and Blender Net Production of Commercial Kerosene-Type Jet Fuel,Refiner and Blender Net Production of Commercial Kerosene-Type Jet Fuel,Thousand Barrels per Day,4-week
PSW09,Data 14,WKCRPUS2,4-week U.S. Refiner and Blender Net Production of Commercial Kerosene-Type Jet Fuel,U.S.,,Refiner and Blender Net Production of Commercial Kerosene-Type Jet Fuel,Refiner and Blender Net Production of Commercial Kerosene-Type Jet Fuel,Thousand Barrels per Day,4-week
PSW09,Data 14,WKJRPP12,4-week East Coast (PADD 1) Refiner and Blender Net Production of Kerosene-Type Jet Fuel,East Coast,,Refiner and Blender Net Production of Kerosene-Type Jet Fuel,Refiner and Blender Net Production of Kerosene-Type Jet Fuel,Thousand Barrels per Day,4-week
PSW09,Data 14,WKJRPP22,4-week Midwest (PADD 2) Refiner and Blender Net Production of Kerosene-Type Jet Fuel,Midwest,,Refiner and Blender Net Production of Kerosene-Type Jet Fuel,Refiner and Blender Net Production of Kerosene-Type Jet Fuel,Thousand Barrels per Day,4-week
PSW09,Data 14,WKJRPP32,4-week Gulf Coast (PADD 3) Refiner and Blender Net Production of Kerosene-Type Jet Fuel,Gulf Coast,,Refiner and Blender Net Production of Kerosene-Type Jet Fuel,Refiner and Blender Net Production of Kerosene-Type Jet Fuel,Thousand Barrels per Day,4-week
PSW09,Data 14,WKJRPP42,4-week Rocky Mountain (PADD 4) Refiner and Blender Net Production of Kerosene-Type Jet Fuel,Rocky Mountain,,Refiner and Blender Net Production of Kerosene-Type Jet Fuel,Refiner and Blender Net Production of Kerosene-Type Jet Fuel,Thousand Barrels per Day,4-week
PSW09,Data 14,WKJRPP52,4-week West Coast (PADD 5) Refiner and Blender Net Production of Kerosene-Type Jet Fuel,West Coast,,Refiner and Blender Net Production of Kerosene-Type Jet Fuel,Refiner and Blender Net Production of Kerosene-Type Jet Fuel,Thousand Barrels per Day,4-week
PSW09,Data 14,WKJRPUS2,4-week U.S. Refiner and Blender Net Production of Kerosene-Type Jet Fuel,U.S.,,Refiner and Blender Net Production of Kerosene-Type Jet Fuel,Refiner and Blender Net Production of Kerosene-Type Jet Fuel,Thousand Barrels per Day,4-week
PSW09,Data 14,WKMRPP12,4-week East Coast (PADD 1) Refiner and Blender Net Production of Military Kerosene-Type Jet Fuel,East Coast,,Refiner and Blender Net Production of Military Kerosene-Type Jet Fuel,Refiner and Blender Net Production of Military Kerosene-Type Jet Fuel,Thousand Barrels per Day,4-week
PSW09,Data 14,WKMRPP22,4-week Midwest (PADD 2) Refiner and Blender Net Production of Military Kerosene-Type Jet Fuel,Midwest,,Refiner and Blender Net Production of Military Kerosene-Type Jet Fuel,Refiner and Blender Net Production of Military Kerosene-Type Jet Fuel,Thousand Barrels per Day,4-week
PSW09,Data 14,WKMRPP32,4-week Gulf Coast (PADD 3) Refiner and Blender Net Production of Military Kerosene-Type Jet Fuel,Gulf Coast,,Refiner and Blender Net Production of Military Kerosene-Type Jet Fuel,Refiner and Blender Net Production of Military Kerosene-Type Jet Fuel,Thousand Barrels per Day,4-week
PSW09,Data 14,WKMRPP42,4-week Rocky Mountain (PADD 4) Refiner and Blender Net Production of Military Kerosene-Type Jet Fuel,Rocky Mountain,,Refiner and Blender Net Production of Military Kerosene-Type Jet Fuel,Refiner and Blender Net Production of Military Kerosene-Type Jet Fuel,Thousand Barrels per Day,4-week
PSW09,Data 14,WKMRPP52,4-week West Coast (PADD 5) Refiner and Blender Net Production of Military Kerosene-Type Jet Fuel,West Coast,,Refiner and Blender Net Production of Military Kerosene-Type Jet Fuel,Refiner and Blender Net Production of Military Kerosene-Type Jet Fuel,Thousand Barrels per Day,4-week
PSW09,Data 14,WKMRPUS2,4-week U.S. Refiner and Blender Net Production of Military Kerosene-Type Jet Fuel,U.S.,,Refiner and Blender Net Production of Military Kerosene-Type Jet Fuel,Refiner and Blender Net Production of Military Kerosene-Type Jet Fuel,Thousand Barrels per Day,4-week
PSW09,Data 14,WRERPP12,4-week East Coast (PADD 1) Refiner and Blender Net Production of Residual Fuel Oil,East Coast,,Refiner and Blender Net Production of Residual Fuel Oil,Refiner and Blender Net Production of Residual Fuel Oil,Thousand Barrels per Day,4-week
PSW09,Data 14,WRERPP22,4-week Midwest (PADD 2) Refiner and Blender Net Production of Residual Fuel Oil,Midwest,,Refiner and Blender Net Production of Residual Fuel Oil,Refiner and Blender Net Production of Residual Fuel Oil,Thousand Barrels per Day,4-week
PSW09,Data 14,WRERPUS2,4-week U.S. Refiner and Blender Net Production of Residual Fuel Oil,U.S.,,Refiner and Blender Net Production of Residual Fuel Oil,Refiner and Blender Net Production of Residual Fuel Oil,Thousand Barrels per Day,4-week
PSW09,Data 14,W_EPM0CAG55_YPT_NUS_MBBLD,"4-week U.S. Refiner and Blender Net Production of Finished Conventional Motor Gasoline, Greater than Ed 55",U.S.,,"Refiner and Blender Net Production of Finished Conventional Motor Gasoline, Greater than Ed 55","Refiner and Blender Net Production of Finished Conventional Motor Gasoline, Greater than Ed 55",Thousand Barrels per Day,4-week
PSW09,Data 14,W_EPM0CAG55_YPT_R10_MBBLD,"4-week East Coast (PADD 1) Refiner and Blender Net Production of Finished Conventional Motor Gasoline, Greater than Ed 55",East Coast,,"Refiner and Blender Net Production of Finished Conventional Motor Gasoline, Greater than Ed 55","Refiner and Blender Net Production of Finished Conventional Motor Gasoline, Greater than Ed 55",Thousand Barrels per Day,4-week
PSW09,Data 14,W_EPM0CAG55_YPT_R20_MBBLD,"4-week Midwest (PADD 2) Refiner and Blender Net Production of Finished Conventional Motor Gasoline, Greater than Ed 55",Midwest,,"Refiner and Blender Net Production of Finished Conventional Motor Gasoline, Greater than Ed 55","Refiner and Blender Net Production of Finished Conventional Motor Gasoline, Greater than Ed 55",Thousand Barrels per Day,4-week
PSW09,Data 14,W_EPM0CAG55_YPT_R30_MBBLD,"4-week Gulf Coast (PADD 3) Refiner and Blender Net Production of Finished Conventional Motor Gasoline, Greater than Ed 55",Gulf Coast,,"Refiner and Blender Net Production of Finished Conventional Motor Gasoline, Greater than Ed 55","Refiner and Blender Net Production of Finished Conventional Motor Gasoline, Greater than Ed 55",Thousand Barrels per Day,4-week
PSW09,Data 14,W_EPM0CAG55_YPT_R40_MBBLD,"4-week Rocky Mountain (PADD 4) Refiner and Blender Net Production of Finished Conventional Motor Gasoline, Greater than Ed 55",Rocky Mountain,,"Refiner and Blender Net Production of Finished Conventional Motor Gasoline, Greater than Ed 55","Refiner and Blender Net Production of Finished Conventional Motor Gasoline, Greater than Ed 55",Thousand Barrels per Day,4-week
PSW09,Data 14,W_EPM0CAG55_YPT_R50_MBBLD,"4-week West Coast (PADD 5) Refiner and Blender Net Production of Finished Conventional Motor Gasoline, Greater than Ed 55",West Coast,,"Refiner and Blender Net Production of Finished Conventional Motor Gasoline, Greater than Ed 55","Refiner and Blender Net Production of Finished Conventional Motor Gasoline, Greater than Ed 55",Thousand Barrels per Day,4-week
PSW09,Data 14,W_EPM0CAL55_YPT_NUS_MBBLD,"4-week U.S. Refiner and Blender Net Production of Finished Conventional Motor Gasoline, Ed 55 and Lower",U.S.,,"Refiner and Blender Net Production of Finished Conventional Motor Gasoline, Ed 55 and Lower","Refiner and Blender Net Production of Finished Conventional Motor Gasoline, Ed 55 and Lower",Thousand Barrels per Day,4-week
PSW09,Data 14,W_EPM0CAL55_YPT_R10_MBBLD,"4-week East Coast (PADD 1) Refiner and Blender Net Production of Finished Conventional Motor Gasoline, Ed 55 and Lower",East Coast,,"Refiner and Blender Net Production of Finished Conventional Motor Gasoline, Ed 55 and Lower","Refiner and Blender Net Production of Finished Conventional Motor Gasoline, Ed 55 and Lower",Thousand Barrels per Day,4-week
PSW09,Data 14,W_EPM0CAL55_YPT_R20_MBBLD,"4-week Midwest (PADD 2) Refiner and Blender Net Production of Finished Conventional Motor Gasoline, Ed 55 and Lower",Midwest,,"Refiner and Blender Net Production of Finished Conventional Motor Gasoline, Ed 55 and Lower","Refiner and Blender Net Production of Finished Conventional Motor Gasoline, Ed 55 and Lower",Thousand Barrels per Day,4-week
PSW09,Data 14,W_EPM0CAL55_YPT_R30_MBBLD,"4-week Gulf Coast (PADD 3) Refiner and Blender Net Production of Finished Conventional Motor Gasoline, Ed 55 and Lower",Gulf Coast,,"Refiner and Blender Net Production of Finished Conventional Motor Gasoline, Ed 55 and Lower","Refiner and Blender Net Production of Finished Conventional Motor Gasoline, Ed 55 and Lower",Thousand Barrels per Day,4-week
PSW09,Data 14,W_EPM0CAL55_YPT_R40_MBBLD,"4-week Rocky Mountain (PADD 4) Refiner and Blender Net Production of Finished Conventional Motor Gasoline, Ed 55 and Lower",Rocky Mountain,,"Refiner and Blender Net Production of Finished Conventional Motor Gasoline, Ed 55 and Lower","Refiner and Blender Net Production of Finished Conventional Motor Gasoline, Ed 55 and Lower",Thousand Barrels per Day,4-week
PSW09,Data 14,W_EPM0CAL55_YPT_R50_MBBLD,"4-week West Coast (PADD 5) Refiner and Blender Net Production of Finished Conventional Motor Gasoline, Ed 55 and Lower",West Coast,,"Refiner and Blender Net Production of Finished Conventional Motor Gasoline, Ed 55 and Lower","Refiner and Blender Net Production of Finished Conventional Motor Gasoline, Ed 55 and Lower",Thousand Barrels per Day,4-week
PSW09,Data 14,W_EPM0F_VUA_NUS_MBBLD,4-week U.S. Supply Adjustment of Finished Motor Gasoline,U.S.,,Supply Adjustment of Finished Motor Gasoline,Supply Adjustment of Finished Motor Gasoline,Thousand Barrels per Day,4-week
PSW09,Data 14,W_EPM0F_YPR_NUS_MBBLD,4-week U.S. Refiner and Blender Net Production of Finished Motor Gasoline,U.S.,,Refiner and Blender Net Production of Finished Motor Gasoline,Refiner and Blender Net Production of Finished Motor Gasoline,Thousand Barrels per Day,4-week
PSW09,Data 14,W_EPM0RO_YPT_NUS_MBBLD,4-week U.S. Refiner and Blender Net Production of Other Finished Reformulated Motor Gasoline,U.S.,,Refiner and Blender Net Production of Other Finished Reformulated Motor Gasoline,Refiner and Blender Net Production of Other Finished Reformulated Motor Gasoline,Thousand Barrels per Day,4-week
PSW09,Data 14,W_EPM0RO_YPT_R10_MBBLD,4-week East Coast (PADD 1) Refiner and Blender Net Production of Other Finished Reformulated Motor Gasoline,East Coast,,Refiner and Blender Net Production of Other Finished Reformulated Motor Gasoline,Refiner and Blender Net Production of Other Finished Reformulated Motor Gasoline,Thousand Barrels per Day,4-week
PSW09,Data 14,W_EPM0RO_YPT_R20_MBBLD,4-week Midwest (PADD 2) Refiner and Blender Net Production of Other Finished Reformulated Motor Gasoline,Midwest,,Refiner and Blender Net Production of Other Finished Reformulated Motor Gasoline,Refiner and Blender Net Production of Other Finished Reformulated Motor Gasoline,Thousand Barrels per Day,4-week
PSW09,Data 14,W_EPM0RO_YPT_R30_MBBLD,4-week Gulf Coast (PADD 3) Refiner and Blender Net Production of Other Finished Reformulated Motor Gasoline,Gulf Coast,,Refiner and Blender Net Production of Other Finished Reformulated Motor Gasoline,Refiner and Blender Net Production of Other Finished Reformulated Motor Gasoline,Thousand Barrels per Day,4-week
PSW09,Data 14,W_EPM0RO_YPT_R40_MBBLD,4-week Rocky Mountain (PADD 4) Refiner and Blender Net Production of Other Finished Reformulated Motor Gasoline,Rocky Mountain,,Refiner and Blender Net Production of Other Finished Reformulated Motor Gasoline,Refiner and Blender Net Production of Other Finished Reformulated Motor Gasoline,Thousand Barrels per Day,4-week
PSW09,Data 14,W_EPM0RO_YPT_R50_MBBLD,4-week West Coast (PADD 5) Refiner and Blender Net Production of Other Finished Reformulated Motor Gasoline,West Coast,,Refiner and Blender Net Production of Other Finished Reformulated Motor Gasoline,Refiner and Blender Net Production of Other Finished Reformulated Motor Gasoline,Thousand Barrels per Day,4-week
PSW09,Data 15,WPRNPP12,"4-week East Coast (PADD 1) Refiner, Blender, and Gas Plant Net Production of Propane and Propylene",East Coast,,"Refiner, Blender, and Gas Plant Net Production of Propane and Propylene","Refiner, Blender, and Gas Plant Net Production of Propane and Propylene",Thousand Barrels per Day,4-week
PSW09,Data 15,WPRNPP22,"4-week Midwest (PADD 2) Refiner, Blender, and Gas Plant Net Production of Propane and Propylene",Midwest,,"Refiner, Blender, and Gas Plant Net Production of Propane and Propylene","Refiner, Blender, and Gas Plant Net Production of Propane and Propylene",Thousand Barrels per Day,4-week
PSW09,Data 15,WPRNPP32,"4-week Gulf Coast (PADD 3) Refiner, Blender, and Gas Plant Net Production of Propane and Propylene",Gulf Coast,,"Refiner, Blender, and Gas Plant Net Production of Propane and Propylene","Refiner, Blender, and Gas Plant Net Production of Propane and Propylene",Thousand Barrels per Day,4-week
PSW09,Data 15,WPRTP_NUS_2,"4-week U.S. Refiner, Blender, and Gas Plant Net Production of Propane and Propylene",U.S.,,"Refiner, Blender, and Gas Plant Net Production of Propane and Propylene","Refiner, Blender, and Gas Plant Net Production of Propane and Propylene",Thousand Barrels per Day,4-week
PSW09,Data 15,WRERPP32,4-week Gulf Coast (PADD 3) Refiner and Blender Net Production of Residual Fuel Oil,Gulf Coast,,Refiner and Blender Net Production of Residual Fuel Oil,Refiner and Blender Net Production of Residual Fuel Oil,Thousand Barrels per Day,4-week
PSW09,Data 15,WRERPP42,4-week Rocky Mountain (PADD 4) Refiner and Blender Net Production of Residual Fuel Oil,Rocky Mountain,,Refiner and Blender Net Production of Residual Fuel Oil,Refiner and Blender Net Production of Residual Fuel Oil,Thousand Barrels per Day,4-week
PSW09,Data 15,WRERPP52,4-week West Coast (PADD 5) Refiner and Blender Net Production of Residual Fuel Oil,West Coast,,Refiner and Blender Net Production of Residual Fuel Oil,Refiner and Blender Net Production of Residual Fuel Oil,Thousand Barrels per Day,4-week
PSW09,Data 15,W_EPLLPZ_YPT_R4N5_MBBLD,"4-week Rocky Mountain (PADD 4) and West Coast (PADD 5) Refiner, Blender, and Gas Plant Net Production of Propane and Propylene",Rocky Mountain,,"and West Coast (PADD 5) Refiner, Blender, and Gas Plant Net Production of Propane and Propylene","and West Coast (PADD 5) Refiner, Blender, and Gas Plant Net Production of Propane and Propylene",Thousand Barrels per Day,4-week
PSW09,Data 16,W_EPOOXE_YOP_NUS_MBBLD,4-week U.S. Oxygenate Plant Production of Fuel Ethanol,U.S.,,Oxygenate Plant Production of Fuel Ethanol,Oxygenate Plant Production of Fuel Ethanol,Thousand Barrels per Day,4-week
PSW09,Data 16,W_EPOOXE_YOP_R10_MBBLD,4-week East Coast (PADD 1) Oxygenate Plant Production of Fuel Ethanol,East Coast,,Oxygenate Plant Production of Fuel Ethanol,Oxygenate Plant Production of Fuel Ethanol,Thousand Barrels per Day,4-week
PSW09,Data 16,W_EPOOXE_YOP_R20_MBBLD,4-week Midwest (PADD 2) Oxygenate Plant Production of Fuel Ethanol,Midwest,,Oxygenate Plant Production of Fuel Ethanol,Oxygenate Plant Production of Fuel Ethanol,Thousand Barrels per Day,4-week
PSW09,Data 16,W_EPOOXE_YOP_R30_MBBLD,4-week Gulf Coast (PADD 3) Oxygenate Plant Production of Fuel Ethanol,Gulf Coast,,Oxygenate Plant Production of Fuel Ethanol,Oxygenate Plant Production of Fuel Ethanol,Thousand Barrels per Day,4-week
PSW09,Data 16,W_EPOOXE_YOP_R40_MBBLD,4-week Rocky Mountain (PADD 4) Oxygenate Plant Production of Fuel Ethanol,Rocky Mountain,,Oxygenate Plant Production of Fuel Ethanol,Oxygenate Plant Production of Fuel Ethanol,Thousand Barrels per Day,4-week
PSW09,Data 16,W_EPOOXE_YOP_R50_MBBLD,4-week West Coast (PADD 5) Oxygenate Plant Production of Fuel Ethanol,West Coast,,Oxygenate Plant Production of Fuel Ethanol,Oxygenate Plant Production of Fuel Ethanol,Thousand Barrels per Day,4-week
PSW09,Data 17,WBCIMUS2,4-week U.S. Imports of Gasoline Blending Components,U.S.,,Imports of Gasoline Blending Components,Imports of Gasoline Blending Components,Thousand Barrels per Day,4-week
PSW09,Data 17,WBCIM_R10-Z00_2,4-week East Coast (PADD 1) Imports of Gasoline Blending Components,East Coast,,Imports of Gasoline Blending Components,Imports of Gasoline Blending Components,Thousand Barrels per Day,4-week
PSW09,Data 17,WBCIM_R20-Z00_2,4-week Midwest (PADD 2) Imports of Gasoline Blending Components,Midwest,,Imports of Gasoline Blending Components,Imports of Gasoline Blending Components,Thousand Barrels per Day,4-week
PSW09,Data 17,WBCIM_R30-Z00_2,4-week Gulf Coast (PADD 3) Imports of Gasoline Blending Components,Gulf Coast,,Imports of Gasoline Blending Components,Imports of Gasoline Blending Components,Thousand Barrels per Day,4-week
PSW09,Data 17,WBCIM_R40-Z00_2,4-week Rocky Mountain (PADD 4) Imports of Gasoline Blending Components,Rocky Mountain,,Imports of Gasoline Blending Components,Imports of Gasoline Blending Components,Thousand Barrels per Day,4-week
PSW09,Data 17,WBCIM_R50-Z00_2,4-week West Coast (PADD 5) Imports of Gasoline Blending Components,West Coast,,Imports of Gasoline Blending Components,Imports of Gasoline Blending Components,Thousand Barrels per Day,4-week
PSW09,Data 17,WCEIMP12,4-week East Coast (PADD 1) Commercial Crude Oil Imports Excluding SPR,East Coast,,Commercial Crude Oil Imports Excluding SPR,Commercial Crude Oil Imports Excluding SPR,Thousand Barrels per Day,4-week
PSW09,Data 17,WCEIMP22,4-week Midwest (PADD 2) Commercial Crude Oil Imports Excluding SPR,Midwest,,Commercial Crude Oil Imports Excluding SPR,Commercial Crude Oil Imports Excluding SPR,Thousand Barrels per Day,4-week
PSW09,Data 17,WCEIMP32,4-week Gulf Coast (PADD 3) Commercial Crude Oil Imports Excluding SPR,Gulf Coast,,Commercial Crude Oil Imports Excluding SPR,Commercial Crude Oil Imports Excluding SPR,Thousand Barrels per Day,4-week
PSW09,Data 17,WCEIMP42,4-week Rocky Mountain (PADD 4) Commercial Crude Oil Imports Excluding SPR,Rocky Mountain,,Commercial Crude Oil Imports Excluding SPR,Commercial Crude Oil Imports Excluding SPR,Thousand Barrels per Day,4-week
PSW09,Data 17,WCEIMP52,4-week West Coast (PADD 5) Commercial Crude Oil Imports Excluding SPR,West Coast,,Commercial Crude Oil Imports Excluding SPR,Commercial Crude Oil Imports Excluding SPR,Thousand Barrels per Day,4-week
PSW09,Data 17,WCEIMUS2,4-week U.S. Commercial Crude Oil Imports Excluding SPR,U.S.,,Commercial Crude Oil Imports Excluding SPR,Commercial Crude Oil Imports Excluding SPR,Thousand Barrels per Day,4-week
PSW09,Data 17,WCRIMUS2,4-week U.S. Imports of Crude Oil,U.S.,,Imports of Crude Oil,Imports of Crude Oil,Thousand Barrels per Day,4-week
PSW09,Data 17,WCSIMUS2,4-week U.S. Crude Oil Imports by SPR,U.S.,,Crude Oil Imports by SPR,Crude Oil Imports by SPR,Thousand Barrels per Day,4-week
PSW09,Data 17,WD0IM_NUS-Z00_2,"4-week U.S. Imports of Distillate Fuel Oil, 0 to 15 ppm Sulfur",U.S.,,"Imports of Distillate Fuel Oil, 0 to 15 ppm Sulfur","Imports of Distillate Fuel Oil, 0 to 15 ppm Sulfur",Thousand Barrels per Day,4-week
PSW09,Data 17,WD0IM_R10-Z00_2,"4-week East Coast (PADD 1) Imports of Distillate Fuel Oil, 0 to 15 ppm Sulfur",East Coast,,"Imports of Distillate Fuel Oil, 0 to 15 ppm Sulfur","Imports of Distillate Fuel Oil, 0 to 15 ppm Sulfur",Thousand Barrels per Day,4-week
PSW09,Data 17,WD0IM_R20-Z00_2,"4-week Midwest (PADD 2) Imports of Distillate Fuel Oil, 0 to 15 ppm Sulfur",Midwest,,"Imports of Distillate Fuel Oil, 0 to 15 ppm Sulfur","Imports of Distillate Fuel Oil, 0 to 15 ppm Sulfur",Thousand Barrels per Day,4-week
PSW09,Data 17,WD0IM_R30-Z00_2,"4-week Gulf Coast (PADD 3) Imports of Distillate Fuel Oil, 0 to 15 ppm Sulfur",Gulf Coast,,"Imports of Distillate Fuel Oil, 0 to 15 ppm Sulfur","Imports of Distillate Fuel Oil, 0 to 15 ppm Sulfur",Thousand Barrels per Day,4-week
PSW09,Data 17,WD0IM_R40-Z00_2,"4-week Rocky Mountain (PADD 4) Imports of Distillate Fuel Oil, 0 to 15 ppm Sulfur",Rocky Mountain,,"Imports of Distillate Fuel Oil, 0 to 15 ppm Sulfur","Imports of Distillate Fuel Oil, 0 to 15 ppm Sulfur",Thousand Barrels per Day,4-week
PSW09,Data 17,WD0IM_R50-Z00_2,"4-week West Coast (PADD 5) Imports of Distillate Fuel Oil, 0 to 15 ppm Sulfur",West Coast,,"Imports of Distillate Fuel Oil, 0 to 15 ppm Sulfur","Imports of Distillate Fuel Oil, 0 to 15 ppm Sulfur",Thousand Barrels per Day,4-week
PSW09,Data 17,WD1IM_NUS-Z00_2,"4-week U.S. Imports of Distillate Fuel Oil, Greater than 15 to 500 ppm Sulfur",U.S.,,"Imports of Distillate Fuel Oil, Greater than 15 to 500 ppm Sulfur","Imports of Distillate Fuel Oil, Greater than 15 to 500 ppm Sulfur",Thousand Barrels per Day,4-week
PSW09,Data 17,WD1IM_R10-Z00_2,"4-week East Coast (PADD 1) Imports of Distillate Fuel Oil, Greater than 15 to 500 ppm Sulfur",East Coast,,"Imports of Distillate Fuel Oil, Greater than 15 to 500 ppm Sulfur","Imports of Distillate Fuel Oil, Greater than 15 to 500 ppm Sulfur",Thousand Barrels per Day,4-week
PSW09,Data 17,WD1IM_R20-Z00_2,"4-week Midwest (PADD 2) Imports of Distillate Fuel Oil, Greater than 15 to 500 ppm Sulfur",Midwest,,"Imports of Distillate Fuel Oil, Greater than 15 to 500 ppm Sulfur","Imports of Distillate Fuel Oil, Greater than 15 to 500 ppm Sulfur",Thousand Barrels per Day,4-week
PSW09,Data 17,WD1IM_R30-Z00_2,"4-week Gulf Coast (PADD 3) Imports of Distillate Fuel Oil, Greater than 15 to 500 ppm Sulfur",Gulf Coast,,"Imports of Distillate Fuel Oil, Greater than 15 to 500 ppm Sulfur","Imports of Distillate Fuel Oil, Greater than 15 to 500 ppm Sulfur",Thousand Barrels per Day,4-week
PSW09,Data 17,WD1IM_R40-Z00_2,"4-week Rocky Mountain (PADD 4) Imports of Distillate Fuel Oil, Greater than 15 to 500 ppm Sulfur",Rocky Mountain,,"Imports of Distillate Fuel Oil, Greater than 15 to 500 ppm Sulfur","Imports of Distillate Fuel Oil, Greater than 15 to 500 ppm Sulfur",Thousand Barrels per Day,4-week
PSW09,Data 17,WD1IM_R50-Z00_2,"4-week West Coast (PADD 5) Imports of Distillate Fuel Oil, Greater than 15 to 500 ppm Sulfur",West Coast,,"Imports of Distillate Fuel Oil, Greater than 15 to 500 ppm Sulfur","Imports of Distillate Fuel Oil, Greater than 15 to 500 ppm Sulfur",Thousand Barrels per Day,4-week
PSW09,Data 17,WD2IM_NUS-Z00_2,"4-week U.S. Imports of Distillate Fuel Oil, Greater than 500 to 2000 ppm Sulfur",U.S.,,"Imports of Distillate Fuel Oil, Greater than 500 to 2000 ppm Sulfur","Imports of Distillate Fuel Oil, Greater than 500 to 2000 ppm Sulfur",Thousand Barrels per Day,4-week
PSW09,Data 17,WD2IM_R10-Z00_2,"4-week East Coast (PADD 1) Imports of Distillate Fuel Oil, Greater than 500 to 2000 ppm Sulfur",East Coast,,"Imports of Distillate Fuel Oil, Greater than 500 to 2000 ppm Sulfur","Imports of Distillate Fuel Oil, Greater than 500 to 2000 ppm Sulfur",Thousand Barrels per Day,4-week
PSW09,Data 17,WD2IM_R20-Z00_2,"4-week Midwest (PADD 2) Imports of Distillate Fuel Oil, Greater than 500 to 2000 ppm Sulfur",Midwest,,"Imports of Distillate Fuel Oil, Greater than 500 to 2000 ppm Sulfur","Imports of Distillate Fuel Oil, Greater than 500 to 2000 ppm Sulfur",Thousand Barrels per Day,4-week
PSW09,Data 17,WD2IM_R30-Z00_2,"4-week Gulf Coast (PADD 3) Imports of Distillate Fuel Oil, Greater than 500 to 2000 ppm Sulfur",Gulf Coast,,"Imports of Distillate Fuel Oil, Greater than 500 to 2000 ppm Sulfur","Imports of Distillate Fuel Oil, Greater than 500 to 2000 ppm Sulfur",Thousand Barrels per Day,4-week
PSW09,Data 17,WD2IM_R40-Z00_2,"4-week Rocky Mountain (PADD 4) Imports of Distillate Fuel Oil, Greater than 500 to 2000 ppm Sulfur",Rocky Mountain,,"Imports of Distillate Fuel Oil, Greater than 500 to 2000 ppm Sulfur","Imports of Distillate Fuel Oil, Greater than 500 to 2000 ppm Sulfur",Thousand Barrels per Day,4-week
PSW09,Data 17,WD2IM_R50-Z00_2,"4-week West Coast (PADD 5) Imports of Distillate Fuel Oil, Greater than 500 to 2000 ppm Sulfur",West Coast,,"Imports of Distillate Fuel Oil, Greater than 500 to 2000 ppm Sulfur","Imports of Distillate Fuel Oil, Greater than 500 to 2000 ppm Sulfur",Thousand Barrels per Day,4-week
PSW09,Data 17,WD3IM_NUS-Z00_2,"4-week U.S. Imports of Distillate Fuel Oil, Greater than 2000 ppm Sulfur",U.S.,,"Imports of Distillate Fuel Oil, Greater than 2000 ppm Sulfur","Imports of Distillate Fuel Oil, Greater than 2000 ppm Sulfur",Thousand Barrels per Day,4-week
PSW09,Data 17,WD3IM_R10-Z00_2,"4-week East Coast (PADD 1) Imports of Distillate Fuel Oil, Greater than 2000 ppm Sulfur",East Coast,,"Imports of Distillate Fuel Oil, Greater than 2000 ppm Sulfur","Imports of Distillate Fuel Oil, Greater than 2000 ppm Sulfur",Thousand Barrels per Day,4-week
PSW09,Data 17,WD3IM_R20-Z00_2,"4-week Midwest (PADD 2) Imports of Distillate Fuel Oil, Greater than 2000 ppm Sulfur",Midwest,,"Imports of Distillate Fuel Oil, Greater than 2000 ppm Sulfur","Imports of Distillate Fuel Oil, Greater than 2000 ppm Sulfur",Thousand Barrels per Day,4-week
PSW09,Data 17,WD3IM_R30-Z00_2,"4-week Gulf Coast (PADD 3) Imports of Distillate Fuel Oil, Greater than 2000 ppm Sulfur",Gulf Coast,,"Imports of Distillate Fuel Oil, Greater than 2000 ppm Sulfur","Imports of Distillate Fuel Oil, Greater than 2000 ppm Sulfur",Thousand Barrels per Day,4-week
PSW09,Data 17,WD3IM_R40-Z00_2,"4-week Rocky Mountain (PADD 4) Imports of Distillate Fuel Oil, Greater than 2000 ppm Sulfur",Rocky Mountain,,"Imports of Distillate Fuel Oil, Greater than 2000 ppm Sulfur","Imports of Distillate Fuel Oil, Greater than 2000 ppm Sulfur",Thousand Barrels per Day,4-week
PSW09,Data 17,WD3IM_R50-Z00_2,"4-week West Coast (PADD 5) Imports of Distillate Fuel Oil, Greater than 2000 ppm Sulfur",West Coast,,"Imports of Distillate Fuel Oil, Greater than 2000 ppm Sulfur","Imports of Distillate Fuel Oil, Greater than 2000 ppm Sulfur",Thousand Barrels per Day,4-week
PSW09,Data 17,WDIIMUS2,4-week U.S. Imports of Distillate Fuel Oil,U.S.,,Imports of Distillate Fuel Oil,Imports of Distillate Fuel Oil,Thousand Barrels per Day,4-week
PSW09,Data 17,WDIIM_R10-Z00_2,4-week East Coast (PADD 1) Imports of Distillate Fuel Oil,East Coast,,Imports of Distillate Fuel Oil,Imports of Distillate Fuel Oil,Thousand Barrels per Day,4-week
PSW09,Data 17,WDIIM_R20-Z00_2,4-week Midwest (PADD 2) Imports of Distillate Fuel Oil,Midwest,,Imports of Distillate Fuel Oil,Imports of Distillate Fuel Oil,Thousand Barrels per Day,4-week
PSW09,Data 17,WDIIM_R30-Z00_2,4-week Gulf Coast (PADD 3) Imports of Distillate Fuel Oil,Gulf Coast,,Imports of Distillate Fuel Oil,Imports of Distillate Fuel Oil,Thousand Barrels per Day,4-week
PSW09,Data 17,WDIIM_R40-Z00_2,4-week Rocky Mountain (PADD 4) Imports of Distillate Fuel Oil,Rocky Mountain,,Imports of Distillate Fuel Oil,Imports of Distillate Fuel Oil,Thousand Barrels per Day,4-week
PSW09,Data 17,WDIIM_R50-Z00_2,4-week West Coast (PADD 5) Imports of Distillate Fuel Oil,West Coast,,Imports of Distillate Fuel Oil,Imports of Distillate Fuel Oil,Thousand Barrels per Day,4-week
PSW09,Data 17,WG1IM_NUS-Z00_2,4-week U.S. Imports of Reformulated Motor Gasoline with Fuel ALcohol,U.S.,,Imports of Reformulated Motor Gasoline with Fuel ALcohol,Imports of Reformulated Motor Gasoline with Fuel ALcohol,Thousand Barrels per Day,4-week
PSW09,Data 17,WG1IM_R10-Z00_2,4-week East Coast (PADD 1) Imports of Reformulated Motor Gasoline with Fuel ALcohol,East Coast,,Imports of Reformulated Motor Gasoline with Fuel ALcohol,Imports of Reformulated Motor Gasoline with Fuel ALcohol,Thousand Barrels per Day,4-week
PSW09,Data 17,WG1IM_R20-Z00_2,4-week Midwest (PADD 2) Imports of Reformulated Motor Gasoline with Fuel ALcohol,Midwest,,Imports of Reformulated Motor Gasoline with Fuel ALcohol,Imports of Reformulated Motor Gasoline with Fuel ALcohol,Thousand Barrels per Day,4-week
PSW09,Data 17,WG1IM_R30-Z00_2,4-week Gulf Coast (PADD 3) Imports of Reformulated Motor Gasoline with Fuel ALcohol,Gulf Coast,,Imports of Reformulated Motor Gasoline with Fuel ALcohol,Imports of Reformulated Motor Gasoline with Fuel ALcohol,Thousand Barrels per Day,4-week
PSW09,Data 17,WG1IM_R40-Z00_2,4-week Rocky Mountain (PADD 4) Imports of Reformulated Motor Gasoline with Fuel ALcohol,Rocky Mountain,,Imports of Reformulated Motor Gasoline with Fuel ALcohol,Imports of Reformulated Motor Gasoline with Fuel ALcohol,Thousand Barrels per Day,4-week
PSW09,Data 17,WG1IM_R50-Z00_2,4-week West Coast (PADD 5) Imports of Reformulated Motor Gasoline with Fuel ALcohol,West Coast,,Imports of Reformulated Motor Gasoline with Fuel ALcohol,Imports of Reformulated Motor Gasoline with Fuel ALcohol,Thousand Barrels per Day,4-week
PSW09,Data 17,WG4IM_NUS-Z00_2,4-week U.S. Imports of Conventional Motor Gasoline,U.S.,,Imports of Conventional Motor Gasoline,Imports of Conventional Motor Gasoline,Thousand Barrels per Day,4-week
PSW09,Data 17,WG4IM_R10-Z00_2,4-week East Coast (PADD 1) Imports of Conventional Motor Gasoline,East Coast,,Imports of Conventional Motor Gasoline,Imports of Conventional Motor Gasoline,Thousand Barrels per Day,4-week
PSW09,Data 17,WG4IM_R20-Z00_2,4-week Midwest (PADD 2) Imports of Conventional Motor Gasoline,Midwest,,Imports of Conventional Motor Gasoline,Imports of Conventional Motor Gasoline,Thousand Barrels per Day,4-week
PSW09,Data 17,WG4IM_R30-Z00_2,4-week Gulf Coast (PADD 3) Imports of Conventional Motor Gasoline,Gulf Coast,,Imports of Conventional Motor Gasoline,Imports of Conventional Motor Gasoline,Thousand Barrels per Day,4-week
PSW09,Data 17,WG4IM_R40-Z00_2,4-week Rocky Mountain (PADD 4) Imports of Conventional Motor Gasoline,Rocky Mountain,,Imports of Conventional Motor Gasoline,Imports of Conventional Motor Gasoline,Thousand Barrels per Day,4-week
PSW09,Data 17,WG4IM_R50-Z00_2,4-week West Coast (PADD 5) Imports of Conventional Motor Gasoline,West Coast,,Imports of Conventional Motor Gasoline,Imports of Conventional Motor Gasoline,Thousand Barrels per Day,4-week
PSW09,Data 17,WG5IM_NUS-Z00_2,4-week U.S. Imports of Conventional Motor Gasoline with Fuel Ethanol,U.S.,,Imports of Conventional Motor Gasoline with Fuel Ethanol,Imports of Conventional Motor Gasoline with Fuel Ethanol,Thousand Barrels per Day,4-week
PSW09,Data 17,WG5IM_R10-Z00_2,4-week East Coast (PADD 1) Imports of Conventional Motor Gasoline with Fuel Ethanol,East Coast,,Imports of Conventional Motor Gasoline with Fuel Ethanol,Imports of Conventional Motor Gasoline with Fuel Ethanol,Thousand Barrels per Day,4-week
PSW09,Data 17,WG5IM_R20-Z00_2,4-week Midwest (PADD 2) Imports of Conventional Motor Gasoline with Fuel Ethanol,Midwest,,Imports of Conventional Motor Gasoline with Fuel Ethanol,Imports of Conventional Motor Gasoline with Fuel Ethanol,Thousand Barrels per Day,4-week
PSW09,Data 17,WG5IM_R30-Z00_2,4-week Gulf Coast (PADD 3) Imports of Conventional Motor Gasoline with Fuel Ethanol,Gulf Coast,,Imports of Conventional Motor Gasoline with Fuel Ethanol,Imports of Conventional Motor Gasoline with Fuel Ethanol,Thousand Barrels per Day,4-week
PSW09,Data 17,WG5IM_R40-Z00_2,4-week Rocky Mountain (PADD 4) Imports of Conventional Motor Gasoline with Fuel Ethanol,Rocky Mountain,,Imports of Conventional Motor Gasoline with Fuel Ethanol,Imports of Conventional Motor Gasoline with Fuel Ethanol,Thousand Barrels per Day,4-week
PSW09,Data 17,WG5IM_R50-Z00_2,4-week West Coast (PADD 5) Imports of Conventional Motor Gasoline with Fuel Ethanol,West Coast,,Imports of Conventional Motor Gasoline with Fuel Ethanol,Imports of Conventional Motor Gasoline with Fuel Ethanol,Thousand Barrels per Day,4-week
PSW09,Data 17,WG6IM_NUS-Z00_2,4-week U.S. Imports of Other Conventional Motor Gasoline,U.S.,,Imports of Other Conventional Motor Gasoline,Imports of Other Conventional Motor Gasoline,Thousand Barrels per Day,4-week
PSW09,Data 17,WG6IM_R10-Z00_2,4-week East Coast (PADD 1) Imports of Other Conventional Motor Gasoline,East Coast,,Imports of Other Conventional Motor Gasoline,Imports of Other Conventional Motor Gasoline,Thousand Barrels per Day,4-week
PSW09,Data 17,WG6IM_R20-Z00_2,4-week Midwest (PADD 2) Imports of Other Conventional Motor Gasoline,Midwest,,Imports of Other Conventional Motor Gasoline,Imports of Other Conventional Motor Gasoline,Thousand Barrels per Day,4-week
PSW09,Data 17,WG6IM_R30-Z00_2,4-week Gulf Coast (PADD 3) Imports of Other Conventional Motor Gasoline,Gulf Coast,,Imports of Other Conventional Motor Gasoline,Imports of Other Conventional Motor Gasoline,Thousand Barrels per Day,4-week
PSW09,Data 17,WG6IM_R40-Z00_2,4-week Rocky Mountain (PADD 4) Imports of Other Conventional Motor Gasoline,Rocky Mountain,,Imports of Other Conventional Motor Gasoline,Imports of Other Conventional Motor Gasoline,Thousand Barrels per Day,4-week
PSW09,Data 17,WG6IM_R50-Z00_2,4-week West Coast (PADD 5) Imports of Other Conventional Motor Gasoline,West Coast,,Imports of Other Conventional Motor Gasoline,Imports of Other Conventional Motor Gasoline,Thousand Barrels per Day,4-week
PSW09,Data 17,WGRIMUS2,4-week U.S. Imports of Reformulated Motor Gasoline,U.S.,,Imports of Reformulated Motor Gasoline,Imports of Reformulated Motor Gasoline,Thousand Barrels per Day,4-week
PSW09,Data 17,WGRIM_R10-Z00_2,4-week East Coast (PADD 1) Imports of Reformulated Motor Gasoline,East Coast,,Imports of Reformulated Motor Gasoline,Imports of Reformulated Motor Gasoline,Thousand Barrels per Day,4-week
PSW09,Data 17,WGRIM_R20-Z00_2,4-week Midwest (PADD 2) Imports of Reformulated Motor Gasoline,Midwest,,Imports of Reformulated Motor Gasoline,Imports of Reformulated Motor Gasoline,Thousand Barrels per Day,4-week
PSW09,Data 17,WGRIM_R30-Z00_2,4-week Gulf Coast (PADD 3) Imports of Reformulated Motor Gasoline,Gulf Coast,,Imports of Reformulated Motor Gasoline,Imports of Reformulated Motor Gasoline,Thousand Barrels per Day,4-week
PSW09,Data 17,WGRIM_R40-Z00_2,4-week Rocky Mountain (PADD 4) Imports of Reformulated Motor Gasoline,Rocky Mountain,,Imports of Reformulated Motor Gasoline,Imports of Reformulated Motor Gasoline,Thousand Barrels per Day,4-week
PSW09,Data 17,WGRIM_R50-Z00_2,4-week West Coast (PADD 5) Imports of Reformulated Motor Gasoline,West Coast,,Imports of Reformulated Motor Gasoline,Imports of Reformulated Motor Gasoline,Thousand Barrels per Day,4-week
PSW09,Data 17,WGTIMUS2,4-week U.S. Imports of Total Gasoline,U.S.,,Imports of Total Gasoline,Imports of Total Gasoline,Thousand Barrels per Day,4-week
PSW09,Data 17,WGTIM_R10-Z00_2,4-week East Coast (PADD 1) Imports of Total Gasoline,East Coast,,Imports of Total Gasoline,Imports of Total Gasoline,Thousand Barrels per Day,4-week
PSW09,Data 17,WGTIM_R20-Z00_2,4-week Midwest (PADD 2) Imports of Total Gasoline,Midwest,,Imports of Total Gasoline,Imports of Total Gasoline,Thousand Barrels per Day,4-week
PSW09,Data 17,WGTIM_R30-Z00_2,4-week Gulf Coast (PADD 3) Imports of Total Gasoline,Gulf Coast,,Imports of Total Gasoline,Imports of Total Gasoline,Thousand Barrels per Day,4-week
PSW09,Data 17,WGTIM_R40-Z00_2,4-week Rocky Mountain (PADD 4) Imports of Total Gasoline,Rocky Mountain,,Imports of Total Gasoline,Imports of Total Gasoline,Thousand Barrels per Day,4-week
PSW09,Data 17,WGTIM_R50-Z00_2,4-week West Coast (PADD 5) Imports of Total Gasoline,West Coast,,Imports of Total Gasoline,Imports of Total Gasoline,Thousand Barrels per Day,4-week
PSW09,Data 17,WKJIMUS2,4-week U.S. Imports of Kerosene-Type Jet Fuel,U.S.,,Imports of Kerosene-Type Jet Fuel,Imports of Kerosene-Type Jet Fuel,Thousand Barrels per Day,4-week
PSW09,Data 17,WKJIM_R10-Z00_2,4-week East Coast (PADD 1) Imports of Kerosene-Type Jet Fuel,East Coast,,Imports of Kerosene-Type Jet Fuel,Imports of Kerosene-Type Jet Fuel,Thousand Barrels per Day,4-week
PSW09,Data 17,WKJIM_R20-Z00_2,4-week Midwest (PADD 2) Imports of Kerosene-Type Jet Fuel,Midwest,,Imports of Kerosene-Type Jet Fuel,Imports of Kerosene-Type Jet Fuel,Thousand Barrels per Day,4-week
PSW09,Data 17,WKJIM_R30-Z00_2,4-week Gulf Coast (PADD 3) Imports of Kerosene-Type Jet Fuel,Gulf Coast,,Imports of Kerosene-Type Jet Fuel,Imports of Kerosene-Type Jet Fuel,Thousand Barrels per Day,4-week
PSW09,Data 17,WKJIM_R40-Z00_2,4-week Rocky Mountain (PADD 4) Imports of Kerosene-Type Jet Fuel,Rocky Mountain,,Imports of Kerosene-Type Jet Fuel,Imports of Kerosene-Type Jet Fuel,Thousand Barrels per Day,4-week
PSW09,Data 17,WKJIM_R50-Z00_2,4-week West Coast (PADD 5) Imports of Kerosene-Type Jet Fuel,West Coast,,Imports of Kerosene-Type Jet Fuel,Imports of Kerosene-Type Jet Fuel,Thousand Barrels per Day,4-week
PSW09,Data 17,WO6IM_NUS-Z00_2,4-week U.S. Imports of Conventional CBOB Gasoline Blending Components,U.S.,,Imports of Conventional CBOB Gasoline Blending Components,Imports of Conventional CBOB Gasoline Blending Components,Thousand Barrels per Day,4-week
PSW09,Data 17,WO6IM_R10-Z00_2,4-week East Coast (PADD 1) Imports of Conventional CBOB Gasoline Blending Components,East Coast,,Imports of Conventional CBOB Gasoline Blending Components,Imports of Conventional CBOB Gasoline Blending Components,Thousand Barrels per Day,4-week
PSW09,Data 17,WO6IM_R20-Z00_2,4-week Midwest (PADD 2) Imports of Conventional CBOB Gasoline Blending Components,Midwest,,Imports of Conventional CBOB Gasoline Blending Components,Imports of Conventional CBOB Gasoline Blending Components,Thousand Barrels per Day,4-week
PSW09,Data 17,WO6IM_R30-Z00_2,4-week Gulf Coast (PADD 3) Imports of Conventional CBOB Gasoline Blending Components,Gulf Coast,,Imports of Conventional CBOB Gasoline Blending Components,Imports of Conventional CBOB Gasoline Blending Components,Thousand Barrels per Day,4-week
PSW09,Data 17,WO6IM_R40-Z00_2,4-week Rocky Mountain (PADD 4) Imports of Conventional CBOB Gasoline Blending Components,Rocky Mountain,,Imports of Conventional CBOB Gasoline Blending Components,Imports of Conventional CBOB Gasoline Blending Components,Thousand Barrels per Day,4-week
PSW09,Data 17,WO6IM_R50-Z00_2,4-week West Coast (PADD 5) Imports of Conventional CBOB Gasoline Blending Components,West Coast,,Imports of Conventional CBOB Gasoline Blending Components,Imports of Conventional CBOB Gasoline Blending Components,Thousand Barrels per Day,4-week
PSW09,Data 17,WO7IM_NUS-Z00_2,4-week U.S. Imports of Conventional GTAB Gasoline Blending Components,U.S.,,Imports of Conventional GTAB Gasoline Blending Components,Imports of Conventional GTAB Gasoline Blending Components,Thousand Barrels per Day,4-week
PSW09,Data 17,WO7IM_R10-Z00_2,4-week East Coast (PADD 1) Imports of Conventional GTAB Gasoline Blending Components,East Coast,,Imports of Conventional GTAB Gasoline Blending Components,Imports of Conventional GTAB Gasoline Blending Components,Thousand Barrels per Day,4-week
PSW09,Data 17,WO7IM_R20-Z00_2,4-week Midwest (PADD 2) Imports of Conventional GTAB Gasoline Blending Components,Midwest,,Imports of Conventional GTAB Gasoline Blending Components,Imports of Conventional GTAB Gasoline Blending Components,Thousand Barrels per Day,4-week
PSW09,Data 17,WO7IM_R30-Z00_2,4-week Gulf Coast (PADD 3) Imports of Conventional GTAB Gasoline Blending Components,Gulf Coast,,Imports of Conventional GTAB Gasoline Blending Components,Imports of Conventional GTAB Gasoline Blending Components,Thousand Barrels per Day,4-week
PSW09,Data 17,WO7IM_R40-Z00_2,4-week Rocky Mountain (PADD 4) Imports of Conventional GTAB Gasoline Blending Components,Rocky Mountain,,Imports of Conventional GTAB Gasoline Blending Components,Imports of Conventional GTAB Gasoline Blending Components,Thousand Barrels per Day,4-week
PSW09,Data 17,WO7IM_R50-Z00_2,4-week West Coast (PADD 5) Imports of Conventional GTAB Gasoline Blending Components,West Coast,,Imports of Conventional GTAB Gasoline Blending Components,Imports of Conventional GTAB Gasoline Blending Components,Thousand Barrels per Day,4-week
PSW09,Data 17,WO9IM_NUS-Z00_2,4-week U.S. Imports of Conventional Other Gasoline Blending Components,U.S.,,Imports of Conventional Other Gasoline Blending Components,Imports of Conventional Other Gasoline Blending Components,Thousand Barrels per Day,4-week
PSW09,Data 17,WO9IM_R10-Z00_2,4-week East Coast (PADD 1) Imports of Conventional Other Gasoline Blending Components,East Coast,,Imports of Conventional Other Gasoline Blending Components,Imports of Conventional Other Gasoline Blending Components,Thousand Barrels per Day,4-week
PSW09,Data 17,WO9IM_R20-Z00_2,4-week Midwest (PADD 2) Imports of Conventional Other Gasoline Blending Components,Midwest,,Imports of Conventional Other Gasoline Blending Components,Imports of Conventional Other Gasoline Blending Components,Thousand Barrels per Day,4-week
PSW09,Data 17,WO9IM_R30-Z00_2,4-week Gulf Coast (PADD 3) Imports of Conventional Other Gasoline Blending Components,Gulf Coast,,Imports of Conventional Other Gasoline Blending Components,Imports of Conventional Other Gasoline Blending Components,Thousand Barrels per Day,4-week
PSW09,Data 17,WO9IM_R40-Z00_2,4-week Rocky Mountain (PADD 4) Conventional Other Gasoline Blending Components Imports,Rocky Mountain,,Conventional Other Gasoline Blending Components Imports,Conventional Other Gasoline Blending Components Imports,Thousand Barrels per Day,4-week
PSW09,Data 17,WO9IM_R50-Z00_2,4-week West Coast (PADD 5) Imports of Conventional Other Gasoline Blending Components,West Coast,,Imports of Conventional Other Gasoline Blending Components,Imports of Conventional Other Gasoline Blending Components,Thousand Barrels per Day,4-week
PSW09,Data 17,WPRIMP12,4-week East Coast (PADD 1) Imports of Propane and Propylene,East Coast,,Imports of Propane and Propylene,Imports of Propane and Propylene,Thousand Barrels per Day,4-week
PSW09,Data 17,WPRIMP22,4-week Midwest (PADD 2) Imports of Propane and Propylene,Midwest,,Imports of Propane and Propylene,Imports of Propane and Propylene,Thousand Barrels per Day,4-week
PSW09,Data 17,WPRIMP32,4-week Gulf Coast (PADD 3) Imports of Propane and Propylene,Gulf Coast,,Imports of Propane and Propylene,Imports of Propane and Propylene,Thousand Barrels per Day,4-week
PSW09,Data 17,WPRIM_NUS-Z00_2,4-week U.S. Imports of Propane and Propylene,U.S.,,Imports of Propane and Propylene,Imports of Propane and Propylene,Thousand Barrels per Day,4-week
PSW09,Data 17,WREIMUS2,4-week U.S. Imports of Residual Fuel Oil,U.S.,,Imports of Residual Fuel Oil,Imports of Residual Fuel Oil,Thousand Barrels per Day,4-week
PSW09,Data 17,WREIM_R10-Z00_2,4-week East Coast (PADD 1) Imports of Residual Fuel Oil,East Coast,,Imports of Residual Fuel Oil,Imports of Residual Fuel Oil,Thousand Barrels per Day,4-week
PSW09,Data 17,WREIM_R20-Z00_2,4-week Midwest (PADD 2) Imports of Residual Fuel Oil,Midwest,,Imports of Residual Fuel Oil,Imports of Residual Fuel Oil,Thousand Barrels per Day,4-week
PSW09,Data 17,WREIM_R30-Z00_2,4-week Gulf Coast (PADD 3) Imports of Residual Fuel Oil,Gulf Coast,,Imports of Residual Fuel Oil,Imports of Residual Fuel Oil,Thousand Barrels per Day,4-week
PSW09,Data 17,WREIM_R40-Z00_2,4-week Rocky Mountain (PADD 4) Imports of Residual Fuel Oil,Rocky Mountain,,Imports of Residual Fuel Oil,Imports of Residual Fuel Oil,Thousand Barrels per Day,4-week
PSW09,Data 17,WREIM_R50-Z00_2,4-week West Coast (PADD 5) Imports of Residual Fuel Oil,West Coast,,Imports of Residual Fuel Oil,Imports of Residual Fuel Oil,Thousand Barrels per Day,4-week
PSW09,Data 17,WRPIMUS2,4-week U.S. Imports of Total Petroleum Products,U.S.,,Imports of Total Petroleum Products,Imports of Total Petroleum Products,Thousand Barrels per Day,4-week
PSW09,Data 17,WTTIMUS2,4-week U.S. Imports of Crude Oil and Petroleum Products,U.S.,,Imports of Crude Oil and Petroleum Products,Imports of Crude Oil and Petroleum Products,Thousand Barrels per Day,4-week
PSW09,Data 17,WTTIM_R10-Z00_2,4-week East Coast (PADD 1) Imports of Crude Oil and Petroleum Products,East Coast,,Imports of Crude Oil and Petroleum Products,Imports of Crude Oil and Petroleum Products,Thousand Barrels per Day,4-week
PSW09,Data 17,WTTIM_R20-Z00_2,4-week Midwest (PADD 2) Imports of Crude Oil and Petroleum Products,Midwest,,Imports of Crude Oil and Petroleum Products,Imports of Crude Oil and Petroleum Products,Thousand Barrels per Day,4-week
PSW09,Data 17,WTTIM_R30-Z00_2,4-week Gulf Coast (PADD 3) Imports of Crude Oil and Petroleum Products,Gulf Coast,,Imports of Crude Oil and Petroleum Products,Imports of Crude Oil and Petroleum Products,Thousand Barrels per Day,4-week
PSW09,Data 17,WTTIM_R40-Z00_2,4-week Rocky Mountain (PADD 4) Imports of Crude Oil and Petroleum Products,Rocky Mountain,,Imports of Crude Oil and Petroleum Products,Imports of Crude Oil and Petroleum Products,Thousand Barrels per Day,4-week
PSW09,Data 17,WTTIM_R50-Z00_2,4-week West Coast (PADD 5) Imports of Crude Oil and Petroleum Products,West Coast,,Imports of Crude Oil and Petroleum Products,Imports of Crude Oil and Petroleum Products,Thousand Barrels per Day,4-week
PSW09,Data 17,WTXIM_R10-Z00_2,4-week East Coast (PADD 1) Imports of Total Petroleum Products,East Coast,,Imports of Total Petroleum Products,Imports of Total Petroleum Products,Thousand Barrels per Day,4-week
PSW09,Data 17,WTXIM_R20-Z00_2,4-week Midwest (PADD 2) Imports of Total Petroleum Products,Midwest,,Imports of Total Petroleum Products,Imports of Total Petroleum Products,Thousand Barrels per Day,4-week
PSW09,Data 17,WTXIM_R30-Z00_2,4-week Gulf Coast (PADD 3) Imports of Total Petroleum Products,Gulf Coast,,Imports of Total Petroleum Products,Imports of Total Petroleum Products,Thousand Barrels per Day,4-week
PSW09,Data 17,WTXIM_R40-Z00_2,4-week Rocky Mountain (PADD 4) Imports of Total Petroleum Products,Rocky Mountain,,Imports of Total Petroleum Products,Imports of Total Petroleum Products,Thousand Barrels per Day,4-week
PSW09,Data 17,WTXIM_R50-Z00_2,4-week West Coast (PADD 5) Imports of Total Petroleum Products,West Coast,,Imports of Total Petroleum Products,Imports of Total Petroleum Products,Thousand Barrels per Day,4-week
PSW09,Data 17,W_EPC0_IMU_NUS-Z00_MBBLD,4-week U.S. Crude Oil Imports for SPR by Others,U.S.,,Crude Oil Imports for SPR by Others,Crude Oil Imports for SPR by Others,Thousand Barrels per Day,4-week
PSW09,Data 17,W_EPL0XP_IM0_NUS-Z00_MBBLD,4-week U.S. Imports of Liquefied Petroleum Gasses Less Propane/Propylene,U.S.,,Imports of Liquefied Petroleum Gasses Less Propane/Propylene,Imports of Liquefied Petroleum Gasses Less Propane/Propylene,Thousand Barrels per Day,4-week
PSW09,Data 17,W_EPLLPZ_IM0_R45-Z00_MBBLD,4-week Rocky Mountain (PADD 4) and West Coast (PADD 5) Imports of Propane and Propylene,Rocky Mountain,,and West Coast (PADD 5) Imports of Propane and Propylene,and West Coast (PADD 5) Imports of Propane and Propylene,Thousand Barrels per Day,4-week
PSW09,Data 17,W_EPM0CAG55_IM0_NUS-Z00_MBBLD,"4-week U.S. Imports of Motor Gasoline, Finished, Conventional, Greater than Ed55",U.S.,,"Imports of Motor Gasoline, Finished, Conventional, Greater than Ed55","Imports of Motor Gasoline, Finished, Conventional, Greater than Ed55",Thousand Barrels per Day,4-week
PSW09,Data 17,W_EPM0CAG55_IM0_R10-Z00_MBBLD,"4-week East Coast (PADD 1) Imports of Motor Gasoline, Finished, Conventional, Greater than Ed55",East Coast,,"Imports of Motor Gasoline, Finished, Conventional, Greater than Ed55","Imports of Motor Gasoline, Finished, Conventional, Greater than Ed55",Thousand Barrels per Day,4-week
PSW09,Data 17,W_EPM0CAG55_IM0_R20-Z00_MBBLD,"4-week Midwest (PADD 2) Imports of Motor Gasoline, Finished, Conventional, Greater than Ed55",Midwest,,"Imports of Motor Gasoline, Finished, Conventional, Greater than Ed55","Imports of Motor Gasoline, Finished, Conventional, Greater than Ed55",Thousand Barrels per Day,4-week
PSW09,Data 17,W_EPM0CAG55_IM0_R30-Z00_MBBLD,"4-week Gulf Coast (PADD 3) Imports of Motor Gasoline, Finished, Conventional, Greater than Ed55",Gulf Coast,,"Imports of Motor Gasoline, Finished, Conventional, Greater than Ed55","Imports of Motor Gasoline, Finished, Conventional, Greater than Ed55",Thousand Barrels per Day,4-week
PSW09,Data 17,W_EPM0CAG55_IM0_R40-Z00_MBBLD,"4-week Rocky Mountain (PADD 4) Imports of Motor Gasoline, Finished, Conventional, Greater than Ed55",Rocky Mountain,,"Imports of Motor Gasoline, Finished, Conventional, Greater than Ed55","Imports of Motor Gasoline, Finished, Conventional, Greater than Ed55",Thousand Barrels per Day,4-week
PSW09,Data 17,W_EPM0CAG55_IM0_R50-Z00_MBBLD,"4-week West Coast (PADD 5) Imports of Motor Gasoline, Finished, Conventional, Greater than Ed55",West Coast,,"Imports of Motor Gasoline, Finished, Conventional, Greater than Ed55","Imports of Motor Gasoline, Finished, Conventional, Greater than Ed55",Thousand Barrels per Day,4-week
PSW09,Data 17,W_EPM0CAL55_IM0_NUS-Z00_MBBLD,"4-week U.S. Imports of Motor Gasoline, Finished, Conventional, Ed55 and Lower",U.S.,,"Imports of Motor Gasoline, Finished, Conventional, Ed55 and Lower","Imports of Motor Gasoline, Finished, Conventional, Ed55 and Lower",Thousand Barrels per Day,4-week
PSW09,Data 17,W_EPM0CAL55_IM0_R10-Z00_MBBLD,"4-week East Coast (PADD 1) Imports of Motor Gasoline, Finished, Conventional, Ed55 and Lower",East Coast,,"Imports of Motor Gasoline, Finished, Conventional, Ed55 and Lower","Imports of Motor Gasoline, Finished, Conventional, Ed55 and Lower",Thousand Barrels per Day,4-week
PSW09,Data 17,W_EPM0CAL55_IM0_R20-Z00_MBBLD,"4-week Midwest (PADD 2) Imports of Motor Gasoline, Finished, Conventional, Ed55 and Lower",Midwest,,"Imports of Motor Gasoline, Finished, Conventional, Ed55 and Lower","Imports of Motor Gasoline, Finished, Conventional, Ed55 and Lower",Thousand Barrels per Day,4-week
PSW09,Data 17,W_EPM0CAL55_IM0_R30-Z00_MBBLD,"4-week Gulf Coast (PADD 3) Imports of Motor Gasoline, Finished, Conventional, Ed55 and Lower",Gulf Coast,,"Imports of Motor Gasoline, Finished, Conventional, Ed55 and Lower","Imports of Motor Gasoline, Finished, Conventional, Ed55 and Lower",Thousand Barrels per Day,4-week
PSW09,Data 17,W_EPM0CAL55_IM0_R40-Z00_MBBLD,"4-week Rocky Mountain (PADD 4) Imports of Motor Gasoline, Finished, Conventional, Ed55 and Lower",Rocky Mountain,,"Imports of Motor Gasoline, Finished, Conventional, Ed55 and Lower","Imports of Motor Gasoline, Finished, Conventional, Ed55 and Lower",Thousand Barrels per Day,4-week
PSW09,Data 17,W_EPM0CAL55_IM0_R50-Z00_MBBLD,"4-week West Coast (PADD 5) Imports from of Motor Gasoline, Finished, Conventional, Ed55 and Lower",West Coast,,"Imports from of Motor Gasoline, Finished, Conventional, Ed55 and Lower","Imports from of Motor Gasoline, Finished, Conventional, Ed55 and Lower",Thousand Barrels per Day,4-week
PSW09,Data 17,W_EPM0F_IM0_NUS-Z00_MBBLD,4-week U.S. Imports of Finished Motor Gasoline,U.S.,,Imports of Finished Motor Gasoline,Imports of Finished Motor Gasoline,Thousand Barrels per Day,4-week
PSW09,Data 17,W_EPM0F_IM0_R10-Z00_MBBLD,4-week East Coast (PADD 1) Imports of Finished Motor Gasoline,East Coast,,Imports of Finished Motor Gasoline,Imports of Finished Motor Gasoline,Thousand Barrels per Day,4-week
PSW09,Data 17,W_EPM0F_IM0_R20-Z00_MBBLD,4-week Midwest (PADD 2) Imports of Finished Motor Gasoline,Midwest,,Imports of Finished Motor Gasoline,Imports of Finished Motor Gasoline,Thousand Barrels per Day,4-week
PSW09,Data 17,W_EPM0F_IM0_R30-Z00_MBBLD,4-week Gulf Coast (PADD 3) Imports of Finished Motor Gasoline,Gulf Coast,,Imports of Finished Motor Gasoline,Imports of Finished Motor Gasoline,Thousand Barrels per Day,4-week
PSW09,Data 17,W_EPM0F_IM0_R40-Z00_MBBLD,4-week Rocky Mountain (PADD 4) Imports of Finished Motor Gasoline,Rocky Mountain,,Imports of Finished Motor Gasoline,Imports of Finished Motor Gasoline,Thousand Barrels per Day,4-week
PSW09,Data 17,W_EPM0F_IM0_R50-Z00_MBBLD,4-week West Coast (PADD 5) Imports of Finished Motor Gasoline,West Coast,,Imports of Finished Motor Gasoline,Imports of Finished Motor Gasoline,Thousand Barrels per Day,4-week
PSW09,Data 17,W_EPM0RO_IM0_NUS-Z00_MBBLD,4-week U.S. Imports of Other Reformulated Motor Gasoline,U.S.,,Imports of Other Reformulated Motor Gasoline,Imports of Other Reformulated Motor Gasoline,Thousand Barrels per Day,4-week
PSW09,Data 17,W_EPM0RO_IM0_R10-Z00_MBBLD,4-week East Coast (PADD 1) Imports of Other Reformulated Motor Gasoline,East Coast,,Imports of Other Reformulated Motor Gasoline,Imports of Other Reformulated Motor Gasoline,Thousand Barrels per Day,4-week
PSW09,Data 17,W_EPM0RO_IM0_R20-Z00_MBBLD,4-week Midwest (PADD 2) Imports of Other Reformulated Motor Gasoline,Midwest,,Imports of Other Reformulated Motor Gasoline,Imports of Other Reformulated Motor Gasoline,Thousand Barrels per Day,4-week
PSW09,Data 17,W_EPM0RO_IM0_R30-Z00_MBBLD,4-week Gulf Coast (PADD 3) Imports of Other Reformulated Motor Gasoline,Gulf Coast,,Imports of Other Reformulated Motor Gasoline,Imports of Other Reformulated Motor Gasoline,Thousand Barrels per Day,4-week
PSW09,Data 17,W_EPM0RO_IM0_R40-Z00_MBBLD,4-week Rocky Mountain (PADD 4) Imports of Other Reformulated Motor Gasoline,Rocky Mountain,,Imports of Other Reformulated Motor Gasoline,Imports of Other Reformulated Motor Gasoline,Thousand Barrels per Day,4-week
PSW09,Data 17,W_EPM0RO_IM0_R50-Z00_MBBLD,4-week West Coast (PADD 5) Imports of Other Reformulated Motor Gasoline,West Coast,,Imports of Other Reformulated Motor Gasoline,Imports of Other Reformulated Motor Gasoline,Thousand Barrels per Day,4-week
PSW09,Data 17,W_EPOBGRR_IM0_NUS-Z00_MBBLD,"4-week U.S. Imports from All Countries of Motor Gasoline Blending Components, RBOB",U.S.,,"Imports from All Countries of Motor Gasoline Blending Components, RBOB","Imports from All Countries of Motor Gasoline Blending Components, RBOB",Thousand Barrels per Day,4-week
PSW09,Data 17,W_EPOBGRR_IM0_R10-Z00_MBBLD,"4-week East Coast (PADD 1) Imports from All Countries of Motor Gasoline Blending Components, RBOB",East Coast,,"Imports from All Countries of Motor Gasoline Blending Components, RBOB","Imports from All Countries of Motor Gasoline Blending Components, RBOB",Thousand Barrels per Day,4-week
PSW09,Data 17,W_EPOBGRR_IM0_R20-Z00_MBBLD,"4-week Midwest (PADD 2) Imports from All Countries of Motor Gasoline Blending Components, RBOB",Midwest,,"Imports from All Countries of Motor Gasoline Blending Components, RBOB","Imports from All Countries of Motor Gasoline Blending Components, RBOB",Thousand Barrels per Day,4-week
PSW09,Data 17,W_EPOBGRR_IM0_R30-Z00_MBBLD,"4-week Gulf Coast (PADD 3) Imports from All Countries of Motor Gasoline Blending Components, RBOB",Gulf Coast,,"Imports from All Countries of Motor Gasoline Blending Components, RBOB","Imports from All Countries of Motor Gasoline Blending Components, RBOB",Thousand Barrels per Day,4-week
PSW09,Data 17,W_EPOBGRR_IM0_R40-Z00_MBBLD,4-week Rocky Mountain (PADD 4) Imports from All Countries of Motor Gasoline Blending Components Reformulated RBOB,Rocky Mountain,,Imports from All Countries of Motor Gasoline Blending Components Reformulated RBOB,Imports from All Countries of Motor Gasoline Blending Components Reformulated RBOB,Thousand Barrels per Day,4-week
PSW09,Data 17,W_EPOBGRR_IM0_R50-Z00_MBBLD,"4-week West Coast (PADD 5) Imports from All Countries of Motor Gasoline Blending Components, RBOB",West Coast,,"Imports from All Countries of Motor Gasoline Blending Components, RBOB","Imports from All Countries of Motor Gasoline Blending Components, RBOB",Thousand Barrels per Day,4-week
PSW09,Data 17,W_EPOOXE_IM0_NUS-Z00_MBBLD,4-week U.S. Imports of Fuel Ethanol,U.S.,,Imports of Fuel Ethanol,Imports of Fuel Ethanol,Thousand Barrels per Day,4-week
PSW09,Data 17,W_EPOOXE_IM0_R10-Z00_MBBLD,4-week East Coast (PADD 1) Imports of Fuel Ethanol,East Coast,,Imports of Fuel Ethanol,Imports of Fuel Ethanol,Thousand Barrels per Day,4-week
PSW09,Data 17,W_EPOOXE_IM0_R20-Z00_MBBLD,4-week Midwest (PADD 2) Imports of Fuel Ethanol,Midwest,,Imports of Fuel Ethanol,Imports of Fuel Ethanol,Thousand Barrels per Day,4-week
PSW09,Data 17,W_EPOOXE_IM0_R30-Z00_MBBLD,4-week Gulf Coast (PADD 3) Imports of Fuel Ethanol,Gulf Coast,,Imports of Fuel Ethanol,Imports of Fuel Ethanol,Thousand Barrels per Day,4-week
PSW09,Data 17,W_EPOOXE_IM0_R40-Z00_MBBLD,4-week Rocky Mountain (PADD 4) Imports of Fuel Ethanol,Rocky Mountain,,Imports of Fuel Ethanol,Imports of Fuel Ethanol,Thousand Barrels per Day,4-week
PSW09,Data 17,W_EPOOXE_IM0_R50-Z00_MBBLD,4-week West Coast (PADD 5) Imports of Fuel Ethanol,West Coast,,Imports of Fuel Ethanol,Imports of Fuel Ethanol,Thousand Barrels per Day,4-week
PSW09,Data 17,W_EPPK_IM0_NUS-Z00_MBBLD,4-week U.S. Imports of Kerosene,U.S.,,Imports of Kerosene,Imports of Kerosene,Thousand Barrels per Day,4-week
PSW09,Data 17,W_EPPO6_IM0_NUS-Z00_MBBLD,4-week U.S. Imports of Other Oils (Excluding Fuel Ethanol),U.S.,,Imports of Other Oils (Excluding Fuel Ethanol),Imports of Other Oils (Excluding Fuel Ethanol),Thousand Barrels per Day,4-week
PSW09,Data 17,W_EPPO6_IM0_R10-Z00_MBBLD,4-week East Coast (PADD 1) Imports of Other Oils (Excluding Fuel Ethanol),East Coast,,Imports of Other Oils (Excluding Fuel Ethanol),Imports of Other Oils (Excluding Fuel Ethanol),Thousand Barrels per Day,4-week
PSW09,Data 17,W_EPPO6_IM0_R20-Z00_MBBLD,4-week Midwest (PADD 2) Imports of Other Oils (Excluding Fuel Ethanol),Midwest,,Imports of Other Oils (Excluding Fuel Ethanol),Imports of Other Oils (Excluding Fuel Ethanol),Thousand Barrels per Day,4-week
PSW09,Data 17,W_EPPO6_IM0_R30-Z00_MBBLD,4-week Gulf Coast (PADD 3) Imports of Other Oils (Excluding Fuel Ethanol),Gulf Coast,,Imports of Other Oils (Excluding Fuel Ethanol),Imports of Other Oils (Excluding Fuel Ethanol),Thousand Barrels per Day,4-week
PSW09,Data 17,W_EPPO6_IM0_R40-Z00_MBBLD,4-week Rocky Mountain (PADD 4) Imports of Other Oils (Excluding Fuel Ethanol),Rocky Mountain,,Imports of Other Oils (Excluding Fuel Ethanol),Imports of Other Oils (Excluding Fuel Ethanol),Thousand Barrels per Day,4-week
PSW09,Data 17,W_EPPO6_IM0_R50-Z00_MBBLD,4-week West Coast (PADD 5) Imports of Other Oils (Excluding Fuel Ethanol),West Coast,,Imports of Other Oils (Excluding Fuel Ethanol),Imports of Other Oils (Excluding Fuel Ethanol),Thousand Barrels per Day,4-week
PSW09,Data 18,WCREXUS2,4-week U.S. Exports of Crude Oil,U.S.,,Exports of Crude Oil,Exports of Crude Oil,Thousand Barrels per Day,4-week
PSW09,Data 18,WDIEXUS2,4-week U.S. Exports of Total Distillate,U.S.,,Exports of Total Distillate,Exports of Total Distillate,Thousand Barrels per Day,4-week
PSW09,Data 18,WKJEXUS2,4-week U.S. Exports of Kerosene-Type Jet Fuel,U.S.,,Exports of Kerosene-Type Jet Fuel,Exports of Kerosene-Type Jet Fuel,Thousand Barrels per Day,4-week
PSW09,Data 18,WREEXUS2,4-week U.S. Exports of Residual Fuel Oil,U.S.,,Exports of Residual Fuel Oil,Exports of Residual Fuel Oil,Thousand Barrels per Day,4-week
PSW09,Data 18,WRPEXUS2,4-week U.S. Exports of Total Petroleum Products,U.S.,,Exports of Total Petroleum Products,Exports of Total Petroleum Products,Thousand Barrels per Day,4-week
PSW09,Data 18,WTTEXUS2,4-week U.S. Exports of Crude Oil and Petroleum Products,U.S.,,Exports of Crude Oil and Petroleum Products,Exports of Crude Oil and Petroleum Products,Thousand Barrels per Day,4-week
PSW09,Data 18,W_EPLLPZ_EEX_NUS-Z00_MBBLD,4-week U.S. Exports of Propane,U.S.,,Exports of Propane,Exports of Propane,Thousand Barrels per Day,4-week
PSW09,Data 18,W_EPM0F_EEX_NUS-Z00_MBBLD,4-week U.S. Exports of Total Motor Gasoline,U.S.,,Exports of Total Motor Gasoline,Exports of Total Motor Gasoline,Thousand Barrels per Day,4-week
PSW09,Data 18,W_EPOOXE_EEX_NUS-Z00_MBBLD,4-week U.S. Exports of Fuel Ethanol,U.S.,,Exports of Fuel Ethanol,Exports of Fuel Ethanol,Thousand Barrels per Day,4-week
PSW09,Data 18,W_EPPO4_EEX_NUS-Z00_MBBLD,4-week U.S. Exports of Other Oils,U.S.,,Exports of Other Oils,Exports of Other Oils,Thousand Barrels per Day,4-week
PSW09,Data 19,WCRNTUS2,4-week U.S. Net Imports of Crude Oil,U.S.,,Net Imports of Crude Oil,Net Imports of Crude Oil,Thousand Barrels per Day,4-week
PSW09,Data 19,WRPNTUS2,4-week U.S. Net Imports of Total Petroleum Products,U.S.,,Net Imports of Total Petroleum Products,Net Imports of Total Petroleum Products,Thousand Barrels per Day,4-week
PSW09,Data 19,WTTNTUS2,4-week U.S. Net Imports of Crude Oil and Petroleum Products,U.S.,,Net Imports of Crude Oil and Petroleum Products,Net Imports of Crude Oil and Petroleum Products,Thousand Barrels per Day,4-week
PSW09,Data 2,WBCRI_NUS_2,weekly U.S. Refiner and Blender Net Input of Gasoline Blending Components,U.S.,,Refiner and Blender Net Input of Gasoline Blending Components,Refiner and Blender Net Input of Gasoline Blending Components,Thousand Barrels per Day,weekly
PSW09,Data 2,WBCRI_R10_2,weekly East Coast (PADD 1) Refiner and Blender Net Input of Gasoline Blending Components,East Coast,,Refiner and Blender Net Input of Gasoline Blending Components,Refiner and Blender Net Input of Gasoline Blending Components,Thousand Barrels per Day,weekly
PSW09,Data 2,WBCRI_R20_2,weekly Midwest (PADD 2) Refiner and Blender Net Input of Gasoline Blending Components,Midwest,,Refiner and Blender Net Input of Gasoline Blending Components,Refiner and Blender Net Input of Gasoline Blending Components,Thousand Barrels per Day,weekly
PSW09,Data 2,WBCRI_R30_2,weekly Gulf Coast (PADD 3) Refiner and Blender Net Input of Gasoline Blending Components,Gulf Coast,,Refiner and Blender Net Input of Gasoline Blending Components,Refiner and Blender Net Input of Gasoline Blending Components,Thousand Barrels per Day,weekly
PSW09,Data 2,WBCRI_R40_2,weekly Rocky Mountain (PADD 4) Refiner and Blender Net Input of Gasoline Blending Components,Rocky Mountain,,Refiner and Blender Net Input of Gasoline Blending Components,Refiner and Blender Net Input of Gasoline Blending Components,Thousand Barrels per Day,weekly
PSW09,Data 2,WBCRI_R50_2,weekly West Coast (PADD 5) Refiner and Blender Net Input of Gasoline Blending Components,West Coast,,Refiner and Blender Net Input of Gasoline Blending Components,Refiner and Blender Net Input of Gasoline Blending Components,Thousand Barrels per Day,weekly
PSW09,Data 2,WCRRIP12,weekly East Coast (PADD 1) Refiner Net Input of Crude Oil,East Coast,,Refiner Net Input of Crude Oil,Refiner Net Input of Crude Oil,Thousand Barrels per Day,weekly
PSW09,Data 2,WCRRIP22,weekly Midwest (PADD 2) Refiner Net Input of Crude Oil,Midwest,,Refiner Net Input of Crude Oil,Refiner Net Input of Crude Oil,Thousand Barrels per Day,weekly
PSW09,Data 2,WCRRIP32,weekly Gulf Coast (PADD 3) Refiner Net Input of Crude Oil,Gulf Coast,,Refiner Net Input of Crude Oil,Refiner Net Input of Crude Oil,Thousand Barrels per Day,weekly
PSW09,Data 2,WCRRIP42,weekly Rocky Mountain (PADD 4) Refiner Net Input of Crude Oil,Rocky Mountain,,Refiner Net Input of Crude Oil,Refiner Net Input of Crude Oil,Thousand Barrels per Day,weekly
PSW09,Data 2,WCRRIP52,weekly West Coast (PADD 5) Refiner Net Input of Crude Oil,West Coast,,Refiner Net Input of Crude Oil,Refiner Net Input of Crude Oil,Thousand Barrels per Day,weekly
PSW09,Data 2,WCRRIUS2,weekly U.S. Refiner Net Input of Crude Oil,U.S.,,Refiner Net Input of Crude Oil,Refiner Net Input of Crude Oil,Thousand Barrels per Day,weekly
PSW09,Data 2,WGIRIP12,weekly East Coast (PADD 1) Gross Inputs into Refineries,East Coast,,Gross Inputs into Refineries,Gross Inputs into Refineries,Thousand Barrels per Day,weekly
PSW09,Data 2,WGIRIP22,weekly Midwest (PADD 2) Gross Inputs into Refineries,Midwest,,Gross Inputs into Refineries,Gross Inputs into Refineries,Thousand Barrels per Day,weekly
PSW09,Data 2,WGIRIP32,weekly Gulf Coast (PADD 3) Gross Inputs into Refineries,Gulf Coast,,Gross Inputs into Refineries,Gross Inputs into Refineries,Thousand Barrels per Day,weekly
PSW09,Data 2,WGIRIP42,weekly Rocky Mountain (PADD 4) Gross Inputs into Refineries,Rocky Mountain,,Gross Inputs into Refineries,Gross Inputs into Refineries,Thousand Barrels per Day,weekly
PSW09,Data 2,WGIRIP52,weekly West Coast (PADD 5) Gross Inputs into Refineries,West Coast,,Gross Inputs into Refineries,Gross Inputs into Refineries,Thousand Barrels per Day,weekly
PSW09,Data 2,WGIRIUS2,weekly U.S. Gross Inputs into Refineries,U.S.,,Gross Inputs into Refineries,Gross Inputs into Refineries,Thousand Barrels per Day,weekly
PSW09,Data 2,WO6RI_NUS_2,weekly U.S. Refiner and Blender Net Input of Conventional CBOB Gasoline Blending Components,U.S.,,Refiner and Blender Net Input of Conventional CBOB Gasoline Blending Components,Refiner and Blender Net Input of Conventional CBOB Gasoline Blending Components,Thousand Barrels per Day,weekly
PSW09,Data 2,WO6RI_R10_2,weekly East Coast (PADD 1) Refiner and Blender Net Input of Conventional CBOB Gasoline Blending Components,East Coast,,Refiner and Blender Net Input of Conventional CBOB Gasoline Blending Components,Refiner and Blender Net Input of Conventional CBOB Gasoline Blending Components,Thousand Barrels per Day,weekly
PSW09,Data 2,WO6RI_R20_2,weekly Midwest (PADD 2) Refiner and Blender Net Input of Conventional CBOB Gasoline Blending Components,Midwest,,Refiner and Blender Net Input of Conventional CBOB Gasoline Blending Components,Refiner and Blender Net Input of Conventional CBOB Gasoline Blending Components,Thousand Barrels per Day,weekly
PSW09,Data 2,WO6RI_R30_2,weekly Gulf Coast (PADD 3) Refiner and Blender Net Input of Conventional CBOB Gasoline Blending Components,Gulf Coast,,Refiner and Blender Net Input of Conventional CBOB Gasoline Blending Components,Refiner and Blender Net Input of Conventional CBOB Gasoline Blending Components,Thousand Barrels per Day,weekly
PSW09,Data 2,WO6RI_R40_2,weekly Rocky Mountain (PADD 4) Refiner and Blender Net Input of Conventional CBOB Gasoline Blending Components,Rocky Mountain,,Refiner and Blender Net Input of Conventional CBOB Gasoline Blending Components,Refiner and Blender Net Input of Conventional CBOB Gasoline Blending Components,Thousand Barrels per Day,weekly
PSW09,Data 2,WO6RI_R50_2,weekly West Coast (PADD 5) Refiner and Blender Net Input of Conventional CBOB Gasoline Blending Components,West Coast,,Refiner and Blender Net Input of Conventional CBOB Gasoline Blending Components,Refiner and Blender Net Input of Conventional CBOB Gasoline Blending Components,Thousand Barrels per Day,weekly
PSW09,Data 2,WO7RI_NUS_2,weekly U.S. Refiner and Blender Net Input of Conventional GTAB Gasoline Blending Components,U.S.,,Refiner and Blender Net Input of Conventional GTAB Gasoline Blending Components,Refiner and Blender Net Input of Conventional GTAB Gasoline Blending Components,Thousand Barrels per Day,weekly
PSW09,Data 2,WO7RI_R10_2,weekly East Coast (PADD 1) Refiner and Blender Net Input of Conventional GTAB Gasoline Blending Components,East Coast,,Refiner and Blender Net Input of Conventional GTAB Gasoline Blending Components,Refiner and Blender Net Input of Conventional GTAB Gasoline Blending Components,Thousand Barrels per Day,weekly
PSW09,Data 2,WO7RI_R20_2,weekly Midwest (PADD 2) Refiner and Blender Net Input of Conventional GTAB Gasoline Blending Components,Midwest,,Refiner and Blender Net Input of Conventional GTAB Gasoline Blending Components,Refiner and Blender Net Input of Conventional GTAB Gasoline Blending Components,Thousand Barrels per Day,weekly
PSW09,Data 2,WO7RI_R30_2,weekly Gulf Coast (PADD 3) Refiner and Blender Net Input of Conventional GTAB Gasoline Blending Components,Gulf Coast,,Refiner and Blender Net Input of Conventional GTAB Gasoline Blending Components,Refiner and Blender Net Input of Conventional GTAB Gasoline Blending Components,Thousand Barrels per Day,weekly
PSW09,Data 2,WO7RI_R40_2,weekly Rocky Mountain (PADD 4) Refiner and Blender Net Input of Conventional GTAB Gasoline Blending Components,Rocky Mountain,,Refiner and Blender Net Input of Conventional GTAB Gasoline Blending Components,Refiner and Blender Net Input of Conventional GTAB Gasoline Blending Components,Thousand Barrels per Day,weekly
PSW09,Data 2,WO7RI_R50_2,weekly West Coast (PADD 5) Refiner and Blender Net Input of Conventional GTAB Gasoline Blending Components,West Coast,,Refiner and Blender Net Input of Conventional GTAB Gasoline Blending Components,Refiner and Blender Net Input of Conventional GTAB Gasoline Blending Components,Thousand Barrels per Day,weekly
PSW09,Data 2,WO9RI_NUS_2,weekly U.S. Refiner and Blender Net Input of Conventional Other Gasoline Blending Components,U.S.,,Refiner and Blender Net Input of Conventional Other Gasoline Blending Components,Refiner and Blender Net Input of Conventional Other Gasoline Blending Components,Thousand Barrels per Day,weekly
PSW09,Data 2,WO9RI_R10_2,weekly East Coast (PADD 1) Refiner and Blender Net Input of Conventional Other Gasoline Blending Components,East Coast,,Refiner and Blender Net Input of Conventional Other Gasoline Blending Components,Refiner and Blender Net Input of Conventional Other Gasoline Blending Components,Thousand Barrels per Day,weekly
PSW09,Data 2,WO9RI_R20_2,weekly Midwest (PADD 2) Refiner and Blender Net Input of Conventional Other Gasoline Blending Components,Midwest,,Refiner and Blender Net Input of Conventional Other Gasoline Blending Components,Refiner and Blender Net Input of Conventional Other Gasoline Blending Components,Thousand Barrels per Day,weekly
PSW09,Data 2,WO9RI_R30_2,weekly Gulf Coast (PADD 3) Refiner and Blender Net Input of Conventional Other Gasoline Blending Components,Gulf Coast,,Refiner and Blender Net Input of Conventional Other Gasoline Blending Components,Refiner and Blender Net Input of Conventional Other Gasoline Blending Components,Thousand Barrels per Day,weekly
PSW09,Data 2,WO9RI_R40_2,weekly Rocky Mountain (PADD 4) Refiner and Blender Net Input of Conventional Other Gasoline Blending Components,Rocky Mountain,,Refiner and Blender Net Input of Conventional Other Gasoline Blending Components,Refiner and Blender Net Input of Conventional Other Gasoline Blending Components,Thousand Barrels per Day,weekly
PSW09,Data 2,WO9RI_R50_2,weekly West Coast (PADD 5) Refiner and Blender Net Input of Conventional Other Gasoline Blending Components,West Coast,,Refiner and Blender Net Input of Conventional Other Gasoline Blending Components,Refiner and Blender Net Input of Conventional Other Gasoline Blending Components,Thousand Barrels per Day,weekly
PSW09,Data 2,WOCLEUS2,weekly U. S. Operable Crude Oil Distillation Capacity,,,U. S. Operable Crude Oil Distillation Capacity,U. S. Operable Crude Oil Distillation Capacity,Thousand Barrels per Calendar Day,weekly
PSW09,Data 2,WPULEUS3,weekly U.S. Percent Utilization of Refinery Operable Capacity,U.S.,,Percent Utilization of Refinery Operable Capacity,Percent Utilization of Refinery Operable Capacity,Percent,weekly
PSW09,Data 2,W_EPOBGRR_YIR_NUS_MBBLD,"weekly U.S. Refiner and Blender Net Input of Motor Gasoline Blending Components, RBOB",U.S.,,"Refiner and Blender Net Input of Motor Gasoline Blending Components, RBOB","Refiner and Blender Net Input of Motor Gasoline Blending Components, RBOB",Thousand Barrels per Day,weekly
PSW09,Data 2,W_EPOBGRR_YIR_R10_MBBLD,"weekly East Coast (PADD 1) Refiner and Blender Net Input of Motor Gasoline Blending Components, RBOB",East Coast,,"Refiner and Blender Net Input of Motor Gasoline Blending Components, RBOB","Refiner and Blender Net Input of Motor Gasoline Blending Components, RBOB",Thousand Barrels per Day,weekly
PSW09,Data 2,W_EPOBGRR_YIR_R20_MBBLD,"weekly Midwest (PADD2) Refiner and Blender Net Input of Motor Gasoline Blending Components, RBOB",,,"Midwest (PADD2) Refiner and Blender Net Input of Motor Gasoline Blending Components, RBOB","Midwest (PADD2) Refiner and Blender Net Input of Motor Gasoline Blending Components, RBOB",Thousand Barrels per Day,weekly
PSW09,Data 2,W_EPOBGRR_YIR_R30_MBBLD,"weekly Gulf Coast (PADD 3) Refiner and Blender Net Input of Motor Gasoline Blending Components, RBOB",Gulf Coast,,"Refiner and Blender Net Input of Motor Gasoline Blending Components, RBOB","Refiner and Blender Net Input of Motor Gasoline Blending Components, RBOB",Thousand Barrels per Day,weekly
PSW09,Data 2,W_EPOBGRR_YIR_R40_MBBLD,"weekly Rocky Mountain (PADD 4) Refiner and Blender Net Input of Motor Gasoline Blending Components, RBOB",Rocky Mountain,,"Refiner and Blender Net Input of Motor Gasoline Blending Components, RBOB","Refiner and Blender Net Input of Motor Gasoline Blending Components, RBOB",Thousand Barrels per Day,weekly
PSW09,Data 2,W_EPOBGRR_YIR_R50_MBBLD,"weekly West Coast (PADD 5) Refiner and Blender Net Input of Motor Gasoline Blending Components, RBOB",West Coast,,"Refiner and Blender Net Input of Motor Gasoline Blending Components, RBOB","Refiner and Blender Net Input of Motor Gasoline Blending Components, RBOB",Thousand Barrels per Day,weekly
PSW09,Data 2,W_EPOOXE_YIR_NUS_MBBLD,weekly U.S. Refiner and Blender Net Input of Fuel Ethanol,U.S.,,Refiner and Blender Net Input of Fuel Ethanol,Refiner and Blender Net Input of Fuel Ethanol,Thousand Barrels per Day,weekly
PSW09,Data 2,W_EPOOXE_YIR_R10_MBBLD,weekly East Coast (PADD 1) Refiner and Blender Net Input of Fuel Ethanol,East Coast,,Refiner and Blender Net Input of Fuel Ethanol,Refiner and Blender Net Input of Fuel Ethanol,Thousand Barrels per Day,weekly
PSW09,Data 2,W_EPOOXE_YIR_R20_MBBLD,weekly Midwest (PADD 2) Refiner and Blender Net Input of Fuel Ethanol,Midwest,,Refiner and Blender Net Input of Fuel Ethanol,Refiner and Blender Net Input of Fuel Ethanol,Thousand Barrels per Day,weekly
PSW09,Data 2,W_EPOOXE_YIR_R30_MBBLD,weekly Gulf Coast (PADD 3) Refiner and Blender Net Input of Fuel Ethanol,Gulf Coast,,Refiner and Blender Net Input of Fuel Ethanol,Refiner and Blender Net Input of Fuel Ethanol,Thousand Barrels per Day,weekly
PSW09,Data 2,W_EPOOXE_YIR_R40_MBBLD,weekly Rocky Mountain (PADD 4) Refiner and Blender Net Input of Fuel Ethanol,Rocky Mountain,,Refiner and Blender Net Input of Fuel Ethanol,Refiner and Blender Net Input of Fuel Ethanol,Thousand Barrels per Day,weekly
PSW09,Data 2,W_EPOOXE_YIR_R50_MBBLD,weekly West Coast (PADD 5) Refiner and Blender Net Input of Fuel Ethanol,West Coast,,Refiner and Blender Net Input of Fuel Ethanol,Refiner and Blender Net Input of Fuel Ethanol,Thousand Barrels per Day,weekly
PSW09,Data 2,W_NA_YRL_R10_MBBLD,weekly East Coast (PADD 1) Operable Crude Oil Distillation Capacity,East Coast,,Operable Crude Oil Distillation Capacity,Operable Crude Oil Distillation Capacity,Thousand Barrels per Calendar Day,weekly
PSW09,Data 2,W_NA_YRL_R20_MBBLD,weekly Midwest (PADD 2) Operable Crude Oil Distillation Capacity,Midwest,,Operable Crude Oil Distillation Capacity,Operable Crude Oil Distillation Capacity,Thousand Barrels per Calendar Day,weekly
PSW09,Data 2,W_NA_YRL_R30_MBBLD,weekly Gulf Coast (PADD 3) Operable Crude Oil Distillation Capacity,Gulf Coast,,Operable Crude Oil Distillation Capacity,Operable Crude Oil Distillation Capacity,Thousand Barrels per Calendar Day,weekly
PSW09,Data 2,W_NA_YRL_R40_MBBLD,weekly Rocky Mountains (PADD 4) Operable Crude Oil Distillation Capacity,,,Rocky Mountains (PADD 4) Operable Crude Oil Distillation Capacity,Rocky Mountains (PADD 4) Operable Crude Oil Distillation Capacity,Thousand Barrels per Calendar Day,weekly
PSW09,Data 2,W_NA_YRL_R50_MBBLD,weekly West Coast (PADD 5) Operable Crude Oil Distillation Capacity,West Coast,,Operable Crude Oil Distillation Capacity,Operable Crude Oil Distillation Capacity,Thousand Barrels per Calendar Day,weekly
PSW09,Data 2,W_NA_YUP_R10_PER,weekly East Coast (PADD 1) Percent Utilization of Refinery Operable Capacity,East Coast,,Percent Utilization of Refinery Operable Capacity,Percent Utilization of Refinery Operable Capacity,Percent,weekly
PSW09,Data 2,W_NA_YUP_R20_PER,weekly Midwest (PADD 2) Percent Utilization of Refinery Operable Capacity,Midwest,,Percent Utilization of Refinery Operable Capacity,Percent Utilization of Refinery Operable Capacity,Percent,weekly
PSW09,Data 2,W_NA_YUP_R30_PER,weekly Gulf Coast (PADD 3) Percent Utilization of Refinery Operable Capacity,Gulf Coast,,Percent Utilization of Refinery Operable Capacity,Percent Utilization of Refinery Operable Capacity,Percent,weekly
PSW09,Data 2,W_NA_YUP_R40_PER,weekly Rocky Mountains (PADD 4) Percent Utilization of Refinery Operable Capacity,,,Rocky Mountains (PADD 4) Percent Utilization of Refinery Operable Capacity,Rocky Mountains (PADD 4) Percent Utilization of Refinery Operable Capacity,Percent,weekly
PSW09,Data 2,W_NA_YUP_R50_PER,weekly West Coast (PADD 5) Percent Utilization of Refinery Operable Capacity,West Coast,,Percent Utilization of Refinery Operable Capacity,Percent Utilization of Refinery Operable Capacity,Percent,weekly
PSW09,Data 20,WDIUPUS2,4-week U.S. Product Supplied of Distillate Fuel Oil,U.S.,,Product Supplied of Distillate Fuel Oil,Product Supplied of Distillate Fuel Oil,Thousand Barrels per Day,4-week
PSW09,Data 20,WGFUPUS2,4-week U.S. Product Supplied of Finished Motor Gasoline,U.S.,,Product Supplied of Finished Motor Gasoline,Product Supplied of Finished Motor Gasoline,Thousand Barrels per Day,4-week
PSW09,Data 20,WKJUPUS2,4-week U.S. Product Supplied of Kerosene-Type Jet Fuel,U.S.,,Product Supplied of Kerosene-Type Jet Fuel,Product Supplied of Kerosene-Type Jet Fuel,Thousand Barrels per Day,4-week
PSW09,Data 20,WPRUP_NUS_2,4-week U.S. Product Supplied of Propane and Propylene,U.S.,,Product Supplied of Propane and Propylene,Product Supplied of Propane and Propylene,Thousand Barrels per Day,4-week
PSW09,Data 20,WREUPUS2,4-week U.S. Product Supplied of Residual Fuel Oil,U.S.,,Product Supplied of Residual Fuel Oil,Product Supplied of Residual Fuel Oil,Thousand Barrels per Day,4-week
PSW09,Data 20,WRPUPUS2,4-week U.S. Product Supplied of Petroleum Products,U.S.,,Product Supplied of Petroleum Products,Product Supplied of Petroleum Products,Thousand Barrels per Day,4-week
PSW09,Data 20,WWOUP_NUS_2,4-week U.S. Product Supplied of Other Oils,U.S.,,Product Supplied of Other Oils,Product Supplied of Other Oils,Thousand Barrels per Day,4-week
PSW09,Data 21,W_EPDM10_VUA_NUS_2,"4-week U.S. Supply Adjustment of Distillate Fuel Oil, Greater than 15 to 500 ppm Sulfur",U.S.,,"Supply Adjustment of Distillate Fuel Oil, Greater than 15 to 500 ppm Sulfur","Supply Adjustment of Distillate Fuel Oil, Greater than 15 to 500 ppm Sulfur",Thousand Barrels per Day,4-week
PSW09,Data 3,WD0TP_NUS_2,"weekly U.S. Refiner and Blender Net Production of Distillate Fuel Oil, 0 to 15 ppm Sulfur",U.S.,,"Refiner and Blender Net Production of Distillate Fuel Oil, 0 to 15 ppm Sulfur","Refiner and Blender Net Production of Distillate Fuel Oil, 0 to 15 ppm Sulfur",Thousand Barrels per Day,weekly
PSW09,Data 3,WD0TP_R10_2,"weekly East Coast (PADD 1) Refiner and Blender Net Production of Distillate Fuel Oil, 0 to 15 ppm Sulfur",East Coast,,"Refiner and Blender Net Production of Distillate Fuel Oil, 0 to 15 ppm Sulfur","Refiner and Blender Net Production of Distillate Fuel Oil, 0 to 15 ppm Sulfur",Thousand Barrels per Day,weekly
PSW09,Data 3,WD0TP_R20_2,"weekly Midwest (PADD 2) Refiner and Blender Net Production of Distillate Fuel Oil, 0 to 15 ppm Sulfur",Midwest,,"Refiner and Blender Net Production of Distillate Fuel Oil, 0 to 15 ppm Sulfur","Refiner and Blender Net Production of Distillate Fuel Oil, 0 to 15 ppm Sulfur",Thousand Barrels per Day,weekly
PSW09,Data 3,WD0TP_R30_2,"weekly Gulf Coast (PADD 3) Refiner and Blender Net Production of Distillate Fuel Oil, 0 to 15 ppm Sulfur",Gulf Coast,,"Refiner and Blender Net Production of Distillate Fuel Oil, 0 to 15 ppm Sulfur","Refiner and Blender Net Production of Distillate Fuel Oil, 0 to 15 ppm Sulfur",Thousand Barrels per Day,weekly
PSW09,Data 3,WD0TP_R40_2,"weekly Rocky Mountain (PADD 4) Refiner and Blender Net Production of Distillate Fuel Oil, 0 to 15 ppm Sulfur",Rocky Mountain,,"Refiner and Blender Net Production of Distillate Fuel Oil, 0 to 15 ppm Sulfur","Refiner and Blender Net Production of Distillate Fuel Oil, 0 to 15 ppm Sulfur",Thousand Barrels per Day,weekly
PSW09,Data 3,WD0TP_R50_2,"weekly West Coast (PADD 5) Refiner and Blender Net Production of Distillate Fuel Oil, 0 to 15 ppm Sulfur",West Coast,,"Refiner and Blender Net Production of Distillate Fuel Oil, 0 to 15 ppm Sulfur","Refiner and Blender Net Production of Distillate Fuel Oil, 0 to 15 ppm Sulfur",Thousand Barrels per Day,weekly
PSW09,Data 3,WD1TP_NUS_2,"weekly U.S. Production of Distillate Fuel Oil, Greater than 15 to 500 ppm Sulfur",U.S.,,"Production of Distillate Fuel Oil, Greater than 15 to 500 ppm Sulfur","Production of Distillate Fuel Oil, Greater than 15 to 500 ppm Sulfur",Thousand Barrels per Day,weekly
PSW09,Data 3,WD1TP_R10_2,"weekly East Coast (PADD 1) Refiner and Blender Net Production of Distillate Fuel Oil, Greater than 15 to 500 ppm Sulfur",East Coast,,"Refiner and Blender Net Production of Distillate Fuel Oil, Greater than 15 to 500 ppm Sulfur","Refiner and Blender Net Production of Distillate Fuel Oil, Greater than 15 to 500 ppm Sulfur",Thousand Barrels per Day,weekly
PSW09,Data 3,WD1TP_R20_2,"weekly Midwest (PADD 2)Refiner and Blender Net Production of Distillate Fuel Oil, Greater than 15 to 500 ppm Sulfur",,,"Midwest (PADD 2)Refiner and Blender Net Production of Distillate Fuel Oil, Greater than 15 to 500 ppm Sulfur","Midwest (PADD 2)Refiner and Blender Net Production of Distillate Fuel Oil, Greater than 15 to 500 ppm Sulfur",Thousand Barrels per Day,weekly
PSW09,Data 3,WD1TP_R30_2,"weekly Gulf Coast (PADD 3) Refiner and Blender Net Production of Distillate Fuel Oil, Greater than 15 to 500 ppm Sulfur",Gulf Coast,,"Refiner and Blender Net Production of Distillate Fuel Oil, Greater than 15 to 500 ppm Sulfur","Refiner and Blender Net Production of Distillate Fuel Oil, Greater than 15 to 500 ppm Sulfur",Thousand Barrels per Day,weekly
PSW09,Data 3,WD1TP_R40_2,"weekly Rocky Mountain (PADD 4) Refiner and Blender Net Production of Distillate Fuel Oil, Greater than 15 to 500 ppm Sulfur",Rocky Mountain,,"Refiner and Blender Net Production of Distillate Fuel Oil, Greater than 15 to 500 ppm Sulfur","Refiner and Blender Net Production of Distillate Fuel Oil, Greater than 15 to 500 ppm Sulfur",Thousand Barrels per Day,weekly
PSW09,Data 3,WD1TP_R50_2,"weekly West Coast (PADD 5) Refiner and Blender Net Production of Distillate Fuel Oil, Greater than 15 to 500 ppm Sulfur",West Coast,,"Refiner and Blender Net Production of Distillate Fuel Oil, Greater than 15 to 500 ppm Sulfur","Refiner and Blender Net Production of Distillate Fuel Oil, Greater than 15 to 500 ppm Sulfur",Thousand Barrels per Day,weekly
PSW09,Data 3,WDGRPP12,weekly East Coast (PADD 1) Refiner and Blender Net Production of Distillate Fuel Oil Greater than 500 ppm Sulfur,East Coast,,Refiner and Blender Net Production of Distillate Fuel Oil Greater than 500 ppm Sulfur,Refiner and Blender Net Production of Distillate Fuel Oil Greater than 500 ppm Sulfur,Thousand Barrels per Day,weekly
PSW09,Data 3,WDGRPP22,weekly Midwest (PADD 2) Refiner and Blender Net Production of Distillate Fuel Oil Greater than 500 ppm Sulfur,Midwest,,Refiner and Blender Net Production of Distillate Fuel Oil Greater than 500 ppm Sulfur,Refiner and Blender Net Production of Distillate Fuel Oil Greater than 500 ppm Sulfur,Thousand Barrels per Day,weekly
PSW09,Data 3,WDGRPP32,weekly Gulf Coast (PADD 3) Refiner and Blender Net Production of Distillate Fuel Oil Greater than 500 ppm Sulfur,Gulf Coast,,Refiner and Blender Net Production of Distillate Fuel Oil Greater than 500 ppm Sulfur,Refiner and Blender Net Production of Distillate Fuel Oil Greater than 500 ppm Sulfur,Thousand Barrels per Day,weekly
PSW09,Data 3,WDGRPP42,weekly Rocky Mountain (PADD 4) Refiner and Blender Net Production of Distillate Fuel Oil Greater than 500 ppm Sulfur,Rocky Mountain,,Refiner and Blender Net Production of Distillate Fuel Oil Greater than 500 ppm Sulfur,Refiner and Blender Net Production of Distillate Fuel Oil Greater than 500 ppm Sulfur,Thousand Barrels per Day,weekly
PSW09,Data 3,WDGRPP52,weekly West Coast (PADD 5) Refiner and Blender Net Production of Distillate Fuel Oil Greater than 500 ppm Sulfur,West Coast,,Refiner and Blender Net Production of Distillate Fuel Oil Greater than 500 ppm Sulfur,Refiner and Blender Net Production of Distillate Fuel Oil Greater than 500 ppm Sulfur,Thousand Barrels per Day,weekly
PSW09,Data 3,WDGRPUS2,weekly U.S. Refiner and Blender Net Production of Distillate Fuel Oil Greater than 500 ppm Sulfur,U.S.,,Refiner and Blender Net Production of Distillate Fuel Oil Greater than 500 ppm Sulfur,Refiner and Blender Net Production of Distillate Fuel Oil Greater than 500 ppm Sulfur,Thousand Barrels per Day,weekly
PSW09,Data 3,WDIRPP12,weekly East Coast (PADD 1) Refiner and Blender Net Production of Distillate Fuel Oil,East Coast,,Refiner and Blender Net Production of Distillate Fuel Oil,Refiner and Blender Net Production of Distillate Fuel Oil,Thousand Barrels per Day,weekly
PSW09,Data 3,WDIRPP22,weekly Midwest (PADD 2) Refiner and Blender Net Production of Distillate Fuel Oil,Midwest,,Refiner and Blender Net Production of Distillate Fuel Oil,Refiner and Blender Net Production of Distillate Fuel Oil,Thousand Barrels per Day,weekly
PSW09,Data 3,WDIRPP32,weekly Gulf Coast (PADD 3) Refiner and Blender Net Production of Distillate Fuel Oil,Gulf Coast,,Refiner and Blender Net Production of Distillate Fuel Oil,Refiner and Blender Net Production of Distillate Fuel Oil,Thousand Barrels per Day,weekly
PSW09,Data 3,WDIRPP42,weekly Rocky Mountain (PADD 4) Refiner and Blender Net Production of Distillate Fuel Oil,Rocky Mountain,,Refiner and Blender Net Production of Distillate Fuel Oil,Refiner and Blender Net Production of Distillate Fuel Oil,Thousand Barrels per Day,weekly
PSW09,Data 3,WDIRPP52,weekly West Coast (PADD 5) Refiner and Blender Net Production of Distillate Fuel Oil,West Coast,,Refiner and Blender Net Production of Distillate Fuel Oil,Refiner and Blender Net Production of Distillate Fuel Oil,Thousand Barrels per Day,weekly
PSW09,Data 3,WDIRPUS2,weekly U.S. Refiner and Blender Net Production of Distillate Fuel Oil,U.S.,,Refiner and Blender Net Production of Distillate Fuel Oil,Refiner and Blender Net Production of Distillate Fuel Oil,Thousand Barrels per Day,weekly
PSW09,Data 3,WG1TP_NUS_2,weekly U.S. Refiner and Blender Net Production of Finished Reformulated Motor Gasoline with Ethanol,U.S.,,Refiner and Blender Net Production of Finished Reformulated Motor Gasoline with Ethanol,Refiner and Blender Net Production of Finished Reformulated Motor Gasoline with Ethanol,Thousand Barrels per Day,weekly
PSW09,Data 3,WG1TP_R10_2,weekly East Coast (PADD 1) Refiner and Blender Net Production of Finished Reformulated Motor Gasoline with Ethanol,East Coast,,Refiner and Blender Net Production of Finished Reformulated Motor Gasoline with Ethanol,Refiner and Blender Net Production of Finished Reformulated Motor Gasoline with Ethanol,Thousand Barrels per Day,weekly
PSW09,Data 3,WG1TP_R20_2,weekly Midwest (PADD 2) Refiner and Blender Net Production of Finished Reformulated Motor Gasoline with Ethanol,Midwest,,Refiner and Blender Net Production of Finished Reformulated Motor Gasoline with Ethanol,Refiner and Blender Net Production of Finished Reformulated Motor Gasoline with Ethanol,Thousand Barrels per Day,weekly
PSW09,Data 3,WG1TP_R30_2,weekly Gulf Coast (PADD 3) Refiner and Blender Net Production of Finished Reformulated Motor Gasoline with Ethanol,Gulf Coast,,Refiner and Blender Net Production of Finished Reformulated Motor Gasoline with Ethanol,Refiner and Blender Net Production of Finished Reformulated Motor Gasoline with Ethanol,Thousand Barrels per Day,weekly
PSW09,Data 3,WG1TP_R40_2,weekly Rocky Mountain (PADD 4) Refiner and Blender Net Production of Finished Reformulated Motor Gasoline with Ethanol,Rocky Mountain,,Refiner and Blender Net Production of Finished Reformulated Motor Gasoline with Ethanol,Refiner and Blender Net Production of Finished Reformulated Motor Gasoline with Ethanol,Thousand Barrels per Day,weekly
PSW09,Data 3,WG1TP_R50_2,weekly West Coast (PADD 5) Refiner and Blender Net Production of Finished Reformulated Motor Gasoline with Ethanol,West Coast,,Refiner and Blender Net Production of Finished Reformulated Motor Gasoline with Ethanol,Refiner and Blender Net Production of Finished Reformulated Motor Gasoline with Ethanol,Thousand Barrels per Day,weekly
PSW09,Data 3,WG4TP_NUS_2,weekly U.S. Refiner and Blender Net Production of Conventional Motor Gasoline,U.S.,,Refiner and Blender Net Production of Conventional Motor Gasoline,Refiner and Blender Net Production of Conventional Motor Gasoline,Thousand Barrels per Day,weekly
PSW09,Data 3,WG4TP_R10_2,weekly East Coast (PADD 1) Refiner and Blender Net Production of Conventional Motor Gasoline,East Coast,,Refiner and Blender Net Production of Conventional Motor Gasoline,Refiner and Blender Net Production of Conventional Motor Gasoline,Thousand Barrels per Day,weekly
PSW09,Data 3,WG4TP_R20_2,weekly Midwest (PADD 2) Refiner and Blender Net Production of Conventional Motor Gasoline,Midwest,,Refiner and Blender Net Production of Conventional Motor Gasoline,Refiner and Blender Net Production of Conventional Motor Gasoline,Thousand Barrels per Day,weekly
PSW09,Data 3,WG4TP_R30_2,weekly Gulf Coast (PADD 3) Refiner and Blender Net Production of Conventional Motor Gasoline,Gulf Coast,,Refiner and Blender Net Production of Conventional Motor Gasoline,Refiner and Blender Net Production of Conventional Motor Gasoline,Thousand Barrels per Day,weekly
PSW09,Data 3,WG4TP_R40_2,weekly Rocky Mountain (PADD 4) Refiner and Blender Net Production of Conventional Motor Gasoline,Rocky Mountain,,Refiner and Blender Net Production of Conventional Motor Gasoline,Refiner and Blender Net Production of Conventional Motor Gasoline,Thousand Barrels per Day,weekly
PSW09,Data 3,WG4TP_R50_2,weekly West Coast (PADD 5) Refiner and Blender Net Production of Conventional Motor Gasoline,West Coast,,Refiner and Blender Net Production of Conventional Motor Gasoline,Refiner and Blender Net Production of Conventional Motor Gasoline,Thousand Barrels per Day,weekly
PSW09,Data 3,WG5TP_NUS_2,weekly U.S. Refiner and Blender Net Production of Finished Conventional Motor Gasoline with Ethanol,U.S.,,Refiner and Blender Net Production of Finished Conventional Motor Gasoline with Ethanol,Refiner and Blender Net Production of Finished Conventional Motor Gasoline with Ethanol,Thousand Barrels per Day,weekly
PSW09,Data 3,WG5TP_R10_2,weekly East Coast (PADD 1) Refiner and Blender Net Production of Finished Conventional Motor Gasoline with Ethanol,East Coast,,Refiner and Blender Net Production of Finished Conventional Motor Gasoline with Ethanol,Refiner and Blender Net Production of Finished Conventional Motor Gasoline with Ethanol,Thousand Barrels per Day,weekly
PSW09,Data 3,WG5TP_R20_2,weekly Midwest (PADD 2) Refiner and Blender Net Production of Finished Conventional Motor Gasoline with Ethanol,Midwest,,Refiner and Blender Net Production of Finished Conventional Motor Gasoline with Ethanol,Refiner and Blender Net Production of Finished Conventional Motor Gasoline with Ethanol,Thousand Barrels per Day,weekly
PSW09,Data 3,WG5TP_R30_2,weekly Gulf Coast (PADD 3) Refiner and Blender Net Production of Finished Conventional Motor Gasoline with Ethanol,Gulf Coast,,Refiner and Blender Net Production of Finished Conventional Motor Gasoline with Ethanol,Refiner and Blender Net Production of Finished Conventional Motor Gasoline with Ethanol,Thousand Barrels per Day,weekly
PSW09,Data 3,WG5TP_R40_2,weekly Rocky Mountain (PADD 4) Refiner and Blender Net Production of Finished Conventional Motor Gasoline with Ethanol,Rocky Mountain,,Refiner and Blender Net Production of Finished Conventional Motor Gasoline with Ethanol,Refiner and Blender Net Production of Finished Conventional Motor Gasoline with Ethanol,Thousand Barrels per Day,weekly
PSW09,Data 3,WG5TP_R50_2,weekly West Coast (PADD 5) Refiner and Blender Net Production of Finished Conventional Motor Gasoline with Ethanol,West Coast,,Refiner and Blender Net Production of Finished Conventional Motor Gasoline with Ethanol,Refiner and Blender Net Production of Finished Conventional Motor Gasoline with Ethanol,Thousand Barrels per Day,weekly
PSW09,Data 3,WG6TP_NUS_2,weekly U.S. Refiner and Blender Net Production of Other Finished Conventional Motor Gasoline,U.S.,,Refiner and Blender Net Production of Other Finished Conventional Motor Gasoline,Refiner and Blender Net Production of Other Finished Conventional Motor Gasoline,Thousand Barrels per Day,weekly
PSW09,Data 3,WG6TP_R10_2,weekly East Coast (PADD 1) Refiner and Blender Net Production of Other Finished Conventional Motor Gasoline,East Coast,,Refiner and Blender Net Production of Other Finished Conventional Motor Gasoline,Refiner and Blender Net Production of Other Finished Conventional Motor Gasoline,Thousand Barrels per Day,weekly
PSW09,Data 3,WG6TP_R20_2,weekly Midwest (PADD 2) Refiner and Blender Net Production of Other Finished Conventional Motor Gasoline,Midwest,,Refiner and Blender Net Production of Other Finished Conventional Motor Gasoline,Refiner and Blender Net Production of Other Finished Conventional Motor Gasoline,Thousand Barrels per Day,weekly
PSW09,Data 3,WG6TP_R30_2,weekly Gulf Coast (PADD 3) Refiner and Blender Net Production of Other Finished Conventional Motor Gasoline,Gulf Coast,,Refiner and Blender Net Production of Other Finished Conventional Motor Gasoline,Refiner and Blender Net Production of Other Finished Conventional Motor Gasoline,Thousand Barrels per Day,weekly
PSW09,Data 3,WG6TP_R40_2,weekly Rocky Mountain (PADD 4) Refiner and Blender Net Production of Other Finished Conventional Motor Gasoline,Rocky Mountain,,Refiner and Blender Net Production of Other Finished Conventional Motor Gasoline,Refiner and Blender Net Production of Other Finished Conventional Motor Gasoline,Thousand Barrels per Day,weekly
PSW09,Data 3,WG6TP_R50_2,weekly West Coast (PADD 5) Refiner and Blender Net Production of Other Finished Conventional Motor Gasoline,West Coast,,Refiner and Blender Net Production of Other Finished Conventional Motor Gasoline,Refiner and Blender Net Production of Other Finished Conventional Motor Gasoline,Thousand Barrels per Day,weekly
PSW09,Data 3,WGFRPP12,weekly East Coast (PADD 1) Refiner and Blender Net Production of Finished Motor Gasoline,East Coast,,Refiner and Blender Net Production of Finished Motor Gasoline,Refiner and Blender Net Production of Finished Motor Gasoline,Thousand Barrels per Day,weekly
PSW09,Data 3,WGFRPP22,weekly Midwest (PADD 2) Refiner and Blender Net Production of Finished Motor Gasoline,Midwest,,Refiner and Blender Net Production of Finished Motor Gasoline,Refiner and Blender Net Production of Finished Motor Gasoline,Thousand Barrels per Day,weekly
PSW09,Data 3,WGFRPP32,weekly Gulf Coast (PADD 3) Refiner and Blender Net Production of Finished Motor Gasoline,Gulf Coast,,Refiner and Blender Net Production of Finished Motor Gasoline,Refiner and Blender Net Production of Finished Motor Gasoline,Thousand Barrels per Day,weekly
PSW09,Data 3,WGFRPP42,weekly Rocky Mountain (PADD 4) Refiner and Blender Net Production of Finished Motor Gasoline,Rocky Mountain,,Refiner and Blender Net Production of Finished Motor Gasoline,Refiner and Blender Net Production of Finished Motor Gasoline,Thousand Barrels per Day,weekly
PSW09,Data 3,WGFRPP52,weekly West Coast (PADD 5) Refiner and Blender Net Production of Finished Motor Gasoline,West Coast,,Refiner and Blender Net Production of Finished Motor Gasoline,Refiner and Blender Net Production of Finished Motor Gasoline,Thousand Barrels per Day,weekly
PSW09,Data 3,WGFRPUS2,weekly U.S. Refiner and Blender Adjusted Net Production of Finished Motor Gasoline,U.S.,,Refiner and Blender Adjusted Net Production of Finished Motor Gasoline,Refiner and Blender Adjusted Net Production of Finished Motor Gasoline,Thousand Barrels per Day,weekly
PSW09,Data 3,WGRRPP12,weekly East Coast (PADD 1) Refiner and Blender Net Production of Reformulated Motor Gasoline,East Coast,,Refiner and Blender Net Production of Reformulated Motor Gasoline,Refiner and Blender Net Production of Reformulated Motor Gasoline,Thousand Barrels per Day,weekly
PSW09,Data 3,WGRRPP22,weekly Midwest (PADD 2) Refiner and Blender Net Production of Reformulated Motor Gasoline,Midwest,,Refiner and Blender Net Production of Reformulated Motor Gasoline,Refiner and Blender Net Production of Reformulated Motor Gasoline,Thousand Barrels per Day,weekly
PSW09,Data 3,WGRRPP32,weekly Gulf Coast (PADD 3) Refiner and Blender Net Production of Reformulated Motor Gasoline,Gulf Coast,,Refiner and Blender Net Production of Reformulated Motor Gasoline,Refiner and Blender Net Production of Reformulated Motor Gasoline,Thousand Barrels per Day,weekly
PSW09,Data 3,WGRRPP42,weekly Rocky Mountain (PADD 4) Refiner and Blender Net Production of Reformulated Motor Gasoline,Rocky Mountain,,Refiner and Blender Net Production of Reformulated Motor Gasoline,Refiner and Blender Net Production of Reformulated Motor Gasoline,Thousand Barrels per Day,weekly
PSW09,Data 3,WGRRPP52,weekly West Coast (PADD 5) Refiner and Blender Net Production of Reformulated Motor Gasoline,West Coast,,Refiner and Blender Net Production of Reformulated Motor Gasoline,Refiner and Blender Net Production of Reformulated Motor Gasoline,Thousand Barrels per Day,weekly
PSW09,Data 3,WGRRPUS2,weekly U.S. Refiner and Blender Net Production of Reformulated Motor Gasoline,U.S.,,Refiner and Blender Net Production of Reformulated Motor Gasoline,Refiner and Blender Net Production of Reformulated Motor Gasoline,Thousand Barrels per Day,weekly
PSW09,Data 3,WKCRPP12,weekly East Coast (PADD 1) Refiner and Blender Net Production of Commercial Kerosene-Type Jet Fuel,East Coast,,Refiner and Blender Net Production of Commercial Kerosene-Type Jet Fuel,Refiner and Blender Net Production of Commercial Kerosene-Type Jet Fuel,Thousand Barrels per Day,weekly
PSW09,Data 3,WKCRPP22,weekly Midwest (PADD 2) Refiner and Blender Net Production of Commercial Kerosene-Type Jet Fuel,Midwest,,Refiner and Blender Net Production of Commercial Kerosene-Type Jet Fuel,Refiner and Blender Net Production of Commercial Kerosene-Type Jet Fuel,Thousand Barrels per Day,weekly
PSW09,Data 3,WKCRPP32,weekly Gulf Coast (PADD 3) Refiner and Blender Net Production of Commercial Kerosene-Type Jet Fuel,Gulf Coast,,Refiner and Blender Net Production of Commercial Kerosene-Type Jet Fuel,Refiner and Blender Net Production of Commercial Kerosene-Type Jet Fuel,Thousand Barrels per Day,weekly
PSW09,Data 3,WKCRPP42,weekly Rocky Mountain (PADD 4) Refiner and Blender Net Production of Commercial Kerosene-Type Jet Fuel,Rocky Mountain,,Refiner and Blender Net Production of Commercial Kerosene-Type Jet Fuel,Refiner and Blender Net Production of Commercial Kerosene-Type Jet Fuel,Thousand Barrels per Day,weekly
PSW09,Data 3,WKCRPP52,weekly West Coast (PADD 5) Refiner and Blender Net Production of Commercial Kerosene-Type Jet Fuel,West Coast,,Refiner and Blender Net Production of Commercial Kerosene-Type Jet Fuel,Refiner and Blender Net Production of Commercial Kerosene-Type Jet Fuel,Thousand Barrels per Day,weekly
PSW09,Data 3,WKCRPUS2,weekly U.S. Refiner and Blender Net Production of Commercial Kerosene-Type Jet Fuel,U.S.,,Refiner and Blender Net Production of Commercial Kerosene-Type Jet Fuel,Refiner and Blender Net Production of Commercial Kerosene-Type Jet Fuel,Thousand Barrels per Day,weekly
PSW09,Data 3,WKJRPP12,weekly East Coast (PADD 1) Refiner and Blender Net Production of Kerosene-Type Jet Fuel,East Coast,,Refiner and Blender Net Production of Kerosene-Type Jet Fuel,Refiner and Blender Net Production of Kerosene-Type Jet Fuel,Thousand Barrels per Day,weekly
PSW09,Data 3,WKJRPP22,weekly Midwest (PADD 2) Refiner and Blender Net Production of Kerosene-Type Jet Fuel,Midwest,,Refiner and Blender Net Production of Kerosene-Type Jet Fuel,Refiner and Blender Net Production of Kerosene-Type Jet Fuel,Thousand Barrels per Day,weekly
PSW09,Data 3,WKJRPP32,weekly Gulf Coast (PADD 3) Refiner and Blender Net Production of Kerosene-Type Jet Fuel,Gulf Coast,,Refiner and Blender Net Production of Kerosene-Type Jet Fuel,Refiner and Blender Net Production of Kerosene-Type Jet Fuel,Thousand Barrels per Day,weekly
PSW09,Data 3,WKJRPP42,weekly Rocky Mountain (PADD 4) Refiner and Blender Net Production of Kerosene-Type Jet Fuel,Rocky Mountain,,Refiner and Blender Net Production of Kerosene-Type Jet Fuel,Refiner and Blender Net Production of Kerosene-Type Jet Fuel,Thousand Barrels per Day,weekly
PSW09,Data 3,WKJRPP52,weekly West Coast (PADD 5) Refiner and Blender Net Production of Kerosene-Type Jet Fuel,West Coast,,Refiner and Blender Net Production of Kerosene-Type Jet Fuel,Refiner and Blender Net Production of Kerosene-Type Jet Fuel,Thousand Barrels per Day,weekly
PSW09,Data 3,WKJRPUS2,weekly U.S. Refiner and Blender Net Production of Kerosene-Type Jet Fuel,U.S.,,Refiner and Blender Net Production of Kerosene-Type Jet Fuel,Refiner and Blender Net Production of Kerosene-Type Jet Fuel,Thousand Barrels per Day,weekly
PSW09,Data 3,WKMRPP12,weekly East Coast (PADD 1) Refiner and Blender Net Production of Military Kerosene-Type Jet Fuel,East Coast,,Refiner and Blender Net Production of Military Kerosene-Type Jet Fuel,Refiner and Blender Net Production of Military Kerosene-Type Jet Fuel,Thousand Barrels per Day,weekly
PSW09,Data 3,WKMRPP22,weekly Midwest (PADD 2) Refiner and Blender Net Production of Military Kerosene-Type Jet Fuel,Midwest,,Refiner and Blender Net Production of Military Kerosene-Type Jet Fuel,Refiner and Blender Net Production of Military Kerosene-Type Jet Fuel,Thousand Barrels per Day,weekly
PSW09,Data 3,WKMRPP32,weekly Gulf Coast (PADD 3) Refiner and Blender Net Production of Military Kerosene-Type Jet Fuel,Gulf Coast,,Refiner and Blender Net Production of Military Kerosene-Type Jet Fuel,Refiner and Blender Net Production of Military Kerosene-Type Jet Fuel,Thousand Barrels per Day,weekly
PSW09,Data 3,WKMRPP42,weekly Rocky Mountain (PADD 4) Refiner and Blender Net Production of Military Kerosene-Type Jet Fuel,Rocky Mountain,,Refiner and Blender Net Production of Military Kerosene-Type Jet Fuel,Refiner and Blender Net Production of Military Kerosene-Type Jet Fuel,Thousand Barrels per Day,weekly
PSW09,Data 3,WKMRPP52,weekly West Coast (PADD 5) Refiner and Blender Net Production of Military Kerosene-Type Jet Fuel,West Coast,,Refiner and Blender Net Production of Military Kerosene-Type Jet Fuel,Refiner and Blender Net Production of Military Kerosene-Type Jet Fuel,Thousand Barrels per Day,weekly
PSW09,Data 3,WKMRPUS2,weekly U.S. Refiner and Blender Net Production of Military Kerosene-Type Jet Fuel,U.S.,,Refiner and Blender Net Production of Military Kerosene-Type Jet Fuel,Refiner and Blender Net Production of Military Kerosene-Type Jet Fuel,Thousand Barrels per Day,weekly
PSW09,Data 3,WRERPP12,weekly East Coast (PADD 1) Refiner and Blender Net Production of Residual Fuel Oil,East Coast,,Refiner and Blender Net Production of Residual Fuel Oil,Refiner and Blender Net Production of Residual Fuel Oil,Thousand Barrels per Day,weekly
PSW09,Data 3,WRERPP22,weekly Midwest (PADD 2) Refiner and Blender Net Production of Residual Fuel Oil,Midwest,,Refiner and Blender Net Production of Residual Fuel Oil,Refiner and Blender Net Production of Residual Fuel Oil,Thousand Barrels per Day,weekly
PSW09,Data 3,WRERPUS2,weekly U.S. Refiner and Blender Net Production of Residual Fuel Oil,U.S.,,Refiner and Blender Net Production of Residual Fuel Oil,Refiner and Blender Net Production of Residual Fuel Oil,Thousand Barrels per Day,weekly
PSW09,Data 3,W_EPM0CAG55_YPT_NUS_MBBLD,"weekly U.S. Refiner and Blender Net Production of Finished Conventional Motor Gasoline, Greater than Ed 55",U.S.,,"Refiner and Blender Net Production of Finished Conventional Motor Gasoline, Greater than Ed 55","Refiner and Blender Net Production of Finished Conventional Motor Gasoline, Greater than Ed 55",Thousand Barrels per Day,weekly
PSW09,Data 3,W_EPM0CAG55_YPT_R10_MBBLD,"weekly East Coast (PADD 1) Refiner and Blender Net Production of Finished Conventional Motor Gasoline, Greater than Ed 55",East Coast,,"Refiner and Blender Net Production of Finished Conventional Motor Gasoline, Greater than Ed 55","Refiner and Blender Net Production of Finished Conventional Motor Gasoline, Greater than Ed 55",Thousand Barrels per Day,weekly
PSW09,Data 3,W_EPM0CAG55_YPT_R20_MBBLD,"weekly Midwest (PADD 2) Refiner and Blender Net Production of Finished Conventional Motor Gasoline, Greater than Ed 55",Midwest,,"Refiner and Blender Net Production of Finished Conventional Motor Gasoline, Greater than Ed 55","Refiner and Blender Net Production of Finished Conventional Motor Gasoline, Greater than Ed 55",Thousand Barrels per Day,weekly
PSW09,Data 3,W_EPM0CAG55_YPT_R30_MBBLD,"weekly Gulf Coast (PADD 3) Refiner and Blender Net Production of Finished Conventional Motor Gasoline, Greater than Ed 55",Gulf Coast,,"Refiner and Blender Net Production of Finished Conventional Motor Gasoline, Greater than Ed 55","Refiner and Blender Net Production of Finished Conventional Motor Gasoline, Greater than Ed 55",Thousand Barrels per Day,weekly
PSW09,Data 3,W_EPM0CAG55_YPT_R40_MBBLD,"weekly Rocky Mountain (PADD 4) Refiner and Blender Net Production of Finished Conventional Motor Gasoline, Greater than Ed 55",Rocky Mountain,,"Refiner and Blender Net Production of Finished Conventional Motor Gasoline, Greater than Ed 55","Refiner and Blender Net Production of Finished Conventional Motor Gasoline, Greater than Ed 55",Thousand Barrels per Day,weekly
PSW09,Data 3,W_EPM0CAG55_YPT_R50_MBBLD,"weekly West Coast (PADD 5) Refiner and Blender Net Production of Finished Conventional Motor Gasoline, Greater than Ed 55",West Coast,,"Refiner and Blender Net Production of Finished Conventional Motor Gasoline, Greater than Ed 55","Refiner and Blender Net Production of Finished Conventional Motor Gasoline, Greater than Ed 55",Thousand Barrels per Day,weekly
PSW09,Data 3,W_EPM0CAL55_YPT_NUS_MBBLD,"weekly U.S. Refiner and Blender Net Production of Finished Conventional Motor Gasoline, Ed 55 and Lower",U.S.,,"Refiner and Blender Net Production of Finished Conventional Motor Gasoline, Ed 55 and Lower","Refiner and Blender Net Production of Finished Conventional Motor Gasoline, Ed 55 and Lower",Thousand Barrels per Day,weekly
PSW09,Data 3,W_EPM0CAL55_YPT_R10_MBBLD,"weekly East Coast (PADD 1) Refiner and Blender Net Production of Finished Conventional Motor Gasoline, Ed 55 and Lower",East Coast,,"Refiner and Blender Net Production of Finished Conventional Motor Gasoline, Ed 55 and Lower","Refiner and Blender Net Production of Finished Conventional Motor Gasoline, Ed 55 and Lower",Thousand Barrels per Day,weekly
PSW09,Data 3,W_EPM0CAL55_YPT_R20_MBBLD,"weekly Midwest (PADD 2) Refiner and Blender Net Production of Finished Conventional Motor Gasoline, Ed 55 and Lower",Midwest,,"Refiner and Blender Net Production of Finished Conventional Motor Gasoline, Ed 55 and Lower","Refiner and Blender Net Production of Finished Conventional Motor Gasoline, Ed 55 and Lower",Thousand Barrels per Day,weekly
PSW09,Data 3,W_EPM0CAL55_YPT_R30_MBBLD,"weekly Gulf Coast (PADD 3) Refiner and Blender Net Production of Finished Conventional Motor Gasoline, Ed 55 and Lower",Gulf Coast,,"Refiner and Blender Net Production of Finished Conventional Motor Gasoline, Ed 55 and Lower","Refiner and Blender Net Production of Finished Conventional Motor Gasoline, Ed 55 and Lower",Thousand Barrels per Day,weekly
PSW09,Data 3,W_EPM0CAL55_YPT_R40_MBBLD,"weekly Rocky Mountain (PADD 4) Refiner and Blender Net Production of Finished Conventional Motor Gasoline, Ed 55 and Lower",Rocky Mountain,,"Refiner and Blender Net Production of Finished Conventional Motor Gasoline, Ed 55 and Lower","Refiner and Blender Net Production of Finished Conventional Motor Gasoline, Ed 55 and Lower",Thousand Barrels per Day,weekly
PSW09,Data 3,W_EPM0CAL55_YPT_R50_MBBLD,"weekly West Coast (PADD 5) Refiner and Blender Net Production of Finished Conventional Motor Gasoline, Ed 55 and Lower",West Coast,,"Refiner and Blender Net Production of Finished Conventional Motor Gasoline, Ed 55 and Lower","Refiner and Blender Net Production of Finished Conventional Motor Gasoline, Ed 55 and Lower",Thousand Barrels per Day,weekly
PSW09,Data 3,W_EPM0F_VUA_NUS_MBBLD,weekly U.S. Supply Adjustment of Finished Motor Gasoline,U.S.,,Supply Adjustment of Finished Motor Gasoline,Supply Adjustment of Finished Motor Gasoline,Thousand Barrels per Day,weekly
PSW09,Data 3,W_EPM0F_YPR_NUS_MBBLD,weekly U.S. Refiner and Blender Net Production of Finished Motor Gasoline,U.S.,,Refiner and Blender Net Production of Finished Motor Gasoline,Refiner and Blender Net Production of Finished Motor Gasoline,Thousand Barrels per Day,weekly
PSW09,Data 3,W_EPM0RO_YPT_NUS_MBBLD,weekly U.S. Refiner and Blender Net Production of Other Finished Reformulated Motor Gasoline,U.S.,,Refiner and Blender Net Production of Other Finished Reformulated Motor Gasoline,Refiner and Blender Net Production of Other Finished Reformulated Motor Gasoline,Thousand Barrels per Day,weekly
PSW09,Data 3,W_EPM0RO_YPT_R10_MBBLD,weekly East Coast (PADD 1) Refiner and Blender Net Production of Other Finished Reformulated Motor Gasoline,East Coast,,Refiner and Blender Net Production of Other Finished Reformulated Motor Gasoline,Refiner and Blender Net Production of Other Finished Reformulated Motor Gasoline,Thousand Barrels per Day,weekly
PSW09,Data 3,W_EPM0RO_YPT_R20_MBBLD,weekly Midwest (PADD 2) Refiner and Blender Net Production of Other Finished Reformulated Motor Gasoline,Midwest,,Refiner and Blender Net Production of Other Finished Reformulated Motor Gasoline,Refiner and Blender Net Production of Other Finished Reformulated Motor Gasoline,Thousand Barrels per Day,weekly
PSW09,Data 3,W_EPM0RO_YPT_R30_MBBLD,weekly Gulf Coast (PADD 3) Refiner and Blender Net Production of Other Finished Reformulated Motor Gasoline,Gulf Coast,,Refiner and Blender Net Production of Other Finished Reformulated Motor Gasoline,Refiner and Blender Net Production of Other Finished Reformulated Motor Gasoline,Thousand Barrels per Day,weekly
PSW09,Data 3,W_EPM0RO_YPT_R40_MBBLD,weekly Rocky Mountain (PADD 4) Refiner and Blender Net Production of Other Finished Reformulated Motor Gasoline,Rocky Mountain,,Refiner and Blender Net Production of Other Finished Reformulated Motor Gasoline,Refiner and Blender Net Production of Other Finished Reformulated Motor Gasoline,Thousand Barrels per Day,weekly
PSW09,Data 3,W_EPM0RO_YPT_R50_MBBLD,weekly West Coast (PADD 5) Refiner and Blender Net Production of Other Finished Reformulated Motor Gasoline,West Coast,,Refiner and Blender Net Production of Other Finished Reformulated Motor Gasoline,Refiner and Blender Net Production of Other Finished Reformulated Motor Gasoline,Thousand Barrels per Day,weekly
PSW09,Data 4,WPRNPP12,"weekly East Coast (PADD 1) Refiner, Blender, and Gas Plant Net Production of Propane and Propylene",East Coast,,"Refiner, Blender, and Gas Plant Net Production of Propane and Propylene","Refiner, Blender, and Gas Plant Net Production of Propane and Propylene",Thousand Barrels per Day,weekly
PSW09,Data 4,WPRNPP22,"weekly Midwest (PADD 2) Refiner, Blender, and Gas Plant Net Production of Propane and Propylene",Midwest,,"Refiner, Blender, and Gas Plant Net Production of Propane and Propylene","Refiner, Blender, and Gas Plant Net Production of Propane and Propylene",Thousand Barrels per Day,weekly
PSW09,Data 4,WPRNPP32,"weekly Gulf Coast (PADD 3) Refiner, Blender, and Gas Plant Net Production of Propane and Propylene",Gulf Coast,,"Refiner, Blender, and Gas Plant Net Production of Propane and Propylene","Refiner, Blender, and Gas Plant Net Production of Propane and Propylene",Thousand Barrels per Day,weekly
PSW09,Data 4,WPRTP_NUS_2,"weekly U.S. Refiner, Blender, and Gas Plant Net Production of Propane and Propylene",U.S.,,"Refiner, Blender, and Gas Plant Net Production of Propane and Propylene","Refiner, Blender, and Gas Plant Net Production of Propane and Propylene",Thousand Barrels per Day,weekly
PSW09,Data 4,WRERPP32,weekly Gulf Coast (PADD 3) Refiner and Blender Net Production of Residual Fuel Oil,Gulf Coast,,Refiner and Blender Net Production of Residual Fuel Oil,Refiner and Blender Net Production of Residual Fuel Oil,Thousand Barrels per Day,weekly
PSW09,Data 4,WRERPP42,weekly Rocky Mountain (PADD 4) Refiner and Blender Net Production of Residual Fuel Oil,Rocky Mountain,,Refiner and Blender Net Production of Residual Fuel Oil,Refiner and Blender Net Production of Residual Fuel Oil,Thousand Barrels per Day,weekly
PSW09,Data 4,WRERPP52,weekly West Coast (PADD 5) Refiner and Blender Net Production of Residual Fuel Oil,West Coast,,Refiner and Blender Net Production of Residual Fuel Oil,Refiner and Blender Net Production of Residual Fuel Oil,Thousand Barrels per Day,weekly
PSW09,Data 4,W_EPLLPZ_YPT_R4N5_MBBLD,"weekly Rocky Mountain (PADD 4) and West Coast (PADD 5) Refiner, Blender, and Gas Plant Net Production of Propane and Propylene",Rocky Mountain,,"and West Coast (PADD 5) Refiner, Blender, and Gas Plant Net Production of Propane and Propylene","and West Coast (PADD 5) Refiner, Blender, and Gas Plant Net Production of Propane and Propylene",Thousand Barrels per Day,weekly
PSW09,Data 5,W_EPOOXE_YOP_NUS_MBBLD,weekly U.S. Oxygenate Plant Production of Fuel Ethanol,U.S.,,Oxygenate Plant Production of Fuel Ethanol,Oxygenate Plant Production of Fuel Ethanol,Thousand Barrels per Day,weekly
PSW09,Data 5,W_EPOOXE_YOP_R10_MBBLD,weekly East Coast (PADD 1) Oxygenate Plant Production of Fuel Ethanol,East Coast,,Oxygenate Plant Production of Fuel Ethanol,Oxygenate Plant Production of Fuel Ethanol,Thousand Barrels per Day,weekly
PSW09,Data 5,W_EPOOXE_YOP_R20_MBBLD,weekly Midwest (PADD 2) Oxygenate Plant Production of Fuel Ethanol,Midwest,,Oxygenate Plant Production of Fuel Ethanol,Oxygenate Plant Production of Fuel Ethanol,Thousand Barrels per Day,weekly
PSW09,Data 5,W_EPOOXE_YOP_R30_MBBLD,weekly Gulf Coast (PADD 3) Oxygenate Plant Production of Fuel Ethanol,Gulf Coast,,Oxygenate Plant Production of Fuel Ethanol,Oxygenate Plant Production of Fuel Ethanol,Thousand Barrels per Day,weekly
PSW09,Data 5,W_EPOOXE_YOP_R40_MBBLD,weekly Rocky Mountain (PADD 4) Oxygenate Plant Production of Fuel Ethanol,Rocky Mountain,,Oxygenate Plant Production of Fuel Ethanol,Oxygenate Plant Production of Fuel Ethanol,Thousand Barrels per Day,weekly
PSW09,Data 5,W_EPOOXE_YOP_R50_MBBLD,weekly West Coast (PADD 5) Oxygenate Plant Production of Fuel Ethanol,West Coast,,Oxygenate Plant Production of Fuel Ethanol,Oxygenate Plant Production of Fuel Ethanol,Thousand Barrels per Day,weekly
PSW09,Data 6,WBCSTUS1,weekly U.S. Ending Stocks of Gasoline Blending Components,U.S.,,Ending Stocks of Gasoline Blending Components,Ending Stocks of Gasoline Blending Components,Thousand Barrels,weekly
PSW09,Data 6,WBCST_R10_1,weekly East Coast (PADD 1) Ending Stocks of Gasoline Blending Components,East Coast,,Ending Stocks of Gasoline Blending Components,Ending Stocks of Gasoline Blending Components,Thousand Barrels,weekly
PSW09,Data 6,WBCST_R20_1,weekly Midwest (PADD 2) Ending Stocks of Gasoline Blending Components,Midwest,,Ending Stocks of Gasoline Blending Components,Ending Stocks of Gasoline Blending Components,Thousand Barrels,weekly
PSW09,Data 6,WBCST_R30_1,weekly Gulf Coast (PADD 3) Ending Stocks of Gasoline Blending Components,Gulf Coast,,Ending Stocks of Gasoline Blending Components,Ending Stocks of Gasoline Blending Components,Thousand Barrels,weekly
PSW09,Data 6,WBCST_R40_1,weekly Rocky Mountain (PADD 4) Ending Stocks of Gasoline Blending Components,Rocky Mountain,,Ending Stocks of Gasoline Blending Components,Ending Stocks of Gasoline Blending Components,Thousand Barrels,weekly
PSW09,Data 6,WBCST_R50_1,weekly West Coast (PADD 5) Ending Stocks of Gasoline Blending Components,West Coast,,Ending Stocks of Gasoline Blending Components,Ending Stocks of Gasoline Blending Components,Thousand Barrels,weekly
PSW09,Data 6,WCESTP11,weekly East Coast (PADD 1) Ending Stocks excluding SPR of Crude Oil,East Coast,,Ending Stocks excluding SPR of Crude Oil,Ending Stocks excluding SPR of Crude Oil,Thousand Barrels,weekly
PSW09,Data 6,WCESTP21,weekly Midwest (PADD 2) Ending Stocks excluding SPR of Crude Oil,Midwest,,Ending Stocks excluding SPR of Crude Oil,Ending Stocks excluding SPR of Crude Oil,Thousand Barrels,weekly
PSW09,Data 6,WCESTP31,weekly Gulf Coast (PADD 3) Ending Stocks excluding SPR of Crude Oil,Gulf Coast,,Ending Stocks excluding SPR of Crude Oil,Ending Stocks excluding SPR of Crude Oil,Thousand Barrels,weekly
PSW09,Data 6,WCESTP41,weekly Rocky Mountain (PADD 4) Ending Stocks excluding SPR of Crude Oil,Rocky Mountain,,Ending Stocks excluding SPR of Crude Oil,Ending Stocks excluding SPR of Crude Oil,Thousand Barrels,weekly
PSW09,Data 6,WCESTP51,weekly West Coast (PADD 5) Ending Stocks excluding SPR of Crude Oil,West Coast,,Ending Stocks excluding SPR of Crude Oil,Ending Stocks excluding SPR of Crude Oil,Thousand Barrels,weekly
PSW09,Data 6,WCESTUS1,weekly U.S. Ending Stocks excluding SPR of Crude Oil,U.S.,,Ending Stocks excluding SPR of Crude Oil,Ending Stocks excluding SPR of Crude Oil,Thousand Barrels,weekly
PSW09,Data 6,WCRSTUS1,weekly U.S. Ending Stocks of Crude Oil,U.S.,,Ending Stocks of Crude Oil,Ending Stocks of Crude Oil,Thousand Barrels,weekly
PSW09,Data 6,WCSSTUS1,weekly U.S. Ending Stocks of Crude Oil in SPR,U.S.,,Ending Stocks of Crude Oil in SPR,Ending Stocks of Crude Oil in SPR,Thousand Barrels,weekly
PSW09,Data 6,WD0ST_NUS_1,"weekly U.S. Ending Stocks of Distillate Fuel Oil, 0 to 15 ppm Sulfur",U.S.,,"Ending Stocks of Distillate Fuel Oil, 0 to 15 ppm Sulfur","Ending Stocks of Distillate Fuel Oil, 0 to 15 ppm Sulfur",Thousand Barrels,weekly
PSW09,Data 6,WD0ST_R10_1,"weekly East Coast (PADD 1) Ending Stocks of Distillate Fuel Oil, 0 to 15 ppm Sulfur",East Coast,,"Ending Stocks of Distillate Fuel Oil, 0 to 15 ppm Sulfur","Ending Stocks of Distillate Fuel Oil, 0 to 15 ppm Sulfur",Thousand Barrels,weekly
PSW09,Data 6,WD0ST_R1X_1,"weekly New England (PADD 1A ) Ending Stocks of Distillate Fuel Oil, 0 to 15 ppm Sulfur",,,"New England (PADD 1A ) Ending Stocks of Distillate Fuel Oil, 0 to 15 ppm Sulfur","New England (PADD 1A ) Ending Stocks of Distillate Fuel Oil, 0 to 15 ppm Sulfur",Thousand Barrels,weekly
PSW09,Data 6,WD0ST_R1Y_1,"weekly Central Atlantic (PADD 1B) Ending Stocks of Distillate Fuel Oil, 0 to 15 ppm Sulfur",,,"Central Atlantic (PADD 1B) Ending Stocks of Distillate Fuel Oil, 0 to 15 ppm Sulfur","Central Atlantic (PADD 1B) Ending Stocks of Distillate Fuel Oil, 0 to 15 ppm Sulfur",Thousand Barrels,weekly
PSW09,Data 6,WD0ST_R1Z_1,"weekly Lower Atlantic (PADD 1C) Ending Stocks of Distillate Fuel Oil, 0 to 15 ppm Sulfur",,,"Lower Atlantic (PADD 1C) Ending Stocks of Distillate Fuel Oil, 0 to 15 ppm Sulfur","Lower Atlantic (PADD 1C) Ending Stocks of Distillate Fuel Oil, 0 to 15 ppm Sulfur",Thousand Barrels,weekly
PSW09,Data 6,WD0ST_R20_1,"weekly Midwest (PADD 2) Ending Stocks of Distillate Fuel Oil, 0 to 15 ppm Sulfur",Midwest,,"Ending Stocks of Distillate Fuel Oil, 0 to 15 ppm Sulfur","Ending Stocks of Distillate Fuel Oil, 0 to 15 ppm Sulfur",Thousand Barrels,weekly
PSW09,Data 6,WD0ST_R30_1,"weekly Gulf Coast (PADD 3) Ending Stocks of Distillate Fuel Oil, 0 to 15 ppm Sulfur",Gulf Coast,,"Ending Stocks of Distillate Fuel Oil, 0 to 15 ppm Sulfur","Ending Stocks of Distillate Fuel Oil, 0 to 15 ppm Sulfur",Thousand Barrels,weekly
PSW09,Data 6,WD0ST_R40_1,"weekly Rocky Mountain (PADD 4) Ending Stocks of Distillate Fuel Oil, 0 to 15 ppm Sulfur",Rocky Mountain,,"Ending Stocks of Distillate Fuel Oil, 0 to 15 ppm Sulfur","Ending Stocks of Distillate Fuel Oil, 0 to 15 ppm Sulfur",Thousand Barrels,weekly
PSW09,Data 6,WD0ST_R50_1,"weekly West Coast (PADD 5) Ending Stocks of Distillate Fuel Oil, 0 to 15 ppm Sulfur",West Coast,,"Ending Stocks of Distillate Fuel Oil, 0 to 15 ppm Sulfur","Ending Stocks of Distillate Fuel Oil, 0 to 15 ppm Sulfur",Thousand Barrels,weekly
PSW09,Data 6,WD1ST_NUS_1,"weekly U.S. Ending Stocks of Distillate Fuel Oil, Greater than 15 to 500 ppm Sulfur",U.S.,,"Ending Stocks of Distillate Fuel Oil, Greater than 15 to 500 ppm Sulfur","Ending Stocks of Distillate Fuel Oil, Greater than 15 to 500 ppm Sulfur",Thousand Barrels,weekly
PSW09,Data 6,WD1ST_R10_1,"weekly East Coast (PADD 1) Ending Stocks of Distillate Fuel Oil, Greater than 15 to 500 ppm Sulfur",East Coast,,"Ending Stocks of Distillate Fuel Oil, Greater than 15 to 500 ppm Sulfur","Ending Stocks of Distillate Fuel Oil, Greater than 15 to 500 ppm Sulfur",Thousand Barrels,weekly
PSW09,Data 6,WD1ST_R1X_1,"weekly New England (PADD 1A ) Ending Stocks of Distillate Fuel Oil, Greater than 15 to 500 ppm Sulfur",,,"New England (PADD 1A ) Ending Stocks of Distillate Fuel Oil, Greater than 15 to 500 ppm Sulfur","New England (PADD 1A ) Ending Stocks of Distillate Fuel Oil, Greater than 15 to 500 ppm Sulfur",Thousand Barrels,weekly
PSW09,Data 6,WD1ST_R1Y_1,"weekly Central Atlantic (PADD 1B) Ending Stocks of Distillate Fuel Oil, Greater than 15 to 500 ppm Sulfur",,,"Central Atlantic (PADD 1B) Ending Stocks of Distillate Fuel Oil, Greater than 15 to 500 ppm Sulfur","Central Atlantic (PADD 1B) Ending Stocks of Distillate Fuel Oil, Greater than 15 to 500 ppm Sulfur",Thousand Barrels,weekly
PSW09,Data 6,WD1ST_R1Z_1,"weekly Lower Atlantic (PADD 1C) Ending Stocks of Distillate Fuel Oil, Greater than 15 to 500 ppm Sulfur",,,"Lower Atlantic (PADD 1C) Ending Stocks of Distillate Fuel Oil, Greater than 15 to 500 ppm Sulfur","Lower Atlantic (PADD 1C) Ending Stocks of Distillate Fuel Oil, Greater than 15 to 500 ppm Sulfur",Thousand Barrels,weekly
PSW09,Data 6,WD1ST_R20_1,"weekly Midwest (PADD 2) Ending Stocks of Distillate Fuel Oil, Greater than 15 to 500 ppm Sulfur",Midwest,,"Ending Stocks of Distillate Fuel Oil, Greater than 15 to 500 ppm Sulfur","Ending Stocks of Distillate Fuel Oil, Greater than 15 to 500 ppm Sulfur",Thousand Barrels,weekly
PSW09,Data 6,WD1ST_R30_1,"weekly Gulf Coast (PADD 3) Ending Stocks of Distillate Fuel Oil, Greater than 15 to 500 ppm Sulfur",Gulf Coast,,"Ending Stocks of Distillate Fuel Oil, Greater than 15 to 500 ppm Sulfur","Ending Stocks of Distillate Fuel Oil, Greater than 15 to 500 ppm Sulfur",Thousand Barrels,weekly
PSW09,Data 6,WD1ST_R40_1,"weekly Rocky Mountain (PADD 4) Ending Stocks of Distillate Fuel Oil, Greater than 15 to 500 ppm Sulfur",Rocky Mountain,,"Ending Stocks of Distillate Fuel Oil, Greater than 15 to 500 ppm Sulfur","Ending Stocks of Distillate Fuel Oil, Greater than 15 to 500 ppm Sulfur",Thousand Barrels,weekly
PSW09,Data 6,WD1ST_R50_1,"weekly West Coast (PADD 5) Ending Stocks of Distillate Fuel Oil, Greater than 15 to 500 ppm Sulfur",West Coast,,"Ending Stocks of Distillate Fuel Oil, Greater than 15 to 500 ppm Sulfur","Ending Stocks of Distillate Fuel Oil, Greater than 15 to 500 ppm Sulfur",Thousand Barrels,weekly
PSW09,Data 6,WDGST1A1,"weekly New England (PADD 1A) Ending Stocks of Distillate Fuel Oil, Greater Than 500 ppm Sulfur",,,"New England (PADD 1A) Ending Stocks of Distillate Fuel Oil, Greater Than 500 ppm Sulfur","New England (PADD 1A) Ending Stocks of Distillate Fuel Oil, Greater Than 500 ppm Sulfur",Thousand Barrels,weekly
PSW09,Data 6,WDGST1B1,"weekly Central Atlantic (PADD 1B) Ending Stocks of Distillate Fuel Oil, Greater Than 500 ppm Sulfur",,,"Central Atlantic (PADD 1B) Ending Stocks of Distillate Fuel Oil, Greater Than 500 ppm Sulfur","Central Atlantic (PADD 1B) Ending Stocks of Distillate Fuel Oil, Greater Than 500 ppm Sulfur",Thousand Barrels,weekly
PSW09,Data 6,WDGST1C1,"weekly Lower Atlantic (PADD 1C) Ending Stocks of Distillate Fuel Oil, Greater Than 500 ppm Sulfur",,,"Lower Atlantic (PADD 1C) Ending Stocks of Distillate Fuel Oil, Greater Than 500 ppm Sulfur","Lower Atlantic (PADD 1C) Ending Stocks of Distillate Fuel Oil, Greater Than 500 ppm Sulfur",Thousand Barrels,weekly
PSW09,Data 6,WDGSTP11,"weekly East Coast (PADD 1) Ending Stocks of Distillate Fuel Oil, Greater Than 500 ppm Sulfur",East Coast,,"Ending Stocks of Distillate Fuel Oil, Greater Than 500 ppm Sulfur","Ending Stocks of Distillate Fuel Oil, Greater Than 500 ppm Sulfur",Thousand Barrels,weekly
PSW09,Data 6,WDGSTP21,"weekly Midwest (PADD 2) Ending Stocks of Distillate Fuel Oil, Greater Than 500 ppm Sulfur",Midwest,,"Ending Stocks of Distillate Fuel Oil, Greater Than 500 ppm Sulfur","Ending Stocks of Distillate Fuel Oil, Greater Than 500 ppm Sulfur",Thousand Barrels,weekly
PSW09,Data 6,WDGSTP31,"weekly Gulf Coast (PADD 3) Ending Stocks of Distillate Fuel Oil, Greater Than 500 ppm Sulfur",Gulf Coast,,"Ending Stocks of Distillate Fuel Oil, Greater Than 500 ppm Sulfur","Ending Stocks of Distillate Fuel Oil, Greater Than 500 ppm Sulfur",Thousand Barrels,weekly
PSW09,Data 6,WDGSTP41,"weekly Rocky Mountain (PADD 4) Ending Stocks of Distillate Fuel Oil, Greater Than 500 ppm Sulfur",Rocky Mountain,,"Ending Stocks of Distillate Fuel Oil, Greater Than 500 ppm Sulfur","Ending Stocks of Distillate Fuel Oil, Greater Than 500 ppm Sulfur",Thousand Barrels,weekly
PSW09,Data 6,WDGSTP51,"weekly West Coast (PADD 5) Ending Stocks of Distillate Fuel Oil, Greater Than 500 ppm Sulfur",West Coast,,"Ending Stocks of Distillate Fuel Oil, Greater Than 500 ppm Sulfur","Ending Stocks of Distillate Fuel Oil, Greater Than 500 ppm Sulfur",Thousand Barrels,weekly
PSW09,Data 6,WDGSTUS1,"weekly U.S. Ending Stocks of Distillate Fuel Oil, Greater Than 500 ppm Sulfur",U.S.,,"Ending Stocks of Distillate Fuel Oil, Greater Than 500 ppm Sulfur","Ending Stocks of Distillate Fuel Oil, Greater Than 500 ppm Sulfur",Thousand Barrels,weekly
PSW09,Data 6,WDIST1A1,weekly New England (PADD 1A) Ending Stocks of Distillate Fuel Oil,,,New England (PADD 1A) Ending Stocks of Distillate Fuel Oil,New England (PADD 1A) Ending Stocks of Distillate Fuel Oil,Thousand Barrels,weekly
PSW09,Data 6,WDIST1B1,weekly Central Atlantic (PADD 1B) Ending Stocks of Distillate Fuel Oil,,,Central Atlantic (PADD 1B) Ending Stocks of Distillate Fuel Oil,Central Atlantic (PADD 1B) Ending Stocks of Distillate Fuel Oil,Thousand Barrels,weekly
PSW09,Data 6,WDIST1C1,weekly Lower Atlantic (PADD 1C) Ending Stocks of Distillate Fuel Oil,,,Lower Atlantic (PADD 1C) Ending Stocks of Distillate Fuel Oil,Lower Atlantic (PADD 1C) Ending Stocks of Distillate Fuel Oil,Thousand Barrels,weekly
PSW09,Data 6,WDISTP11,weekly East Coast (PADD 1) Ending Stocks of Distillate Fuel Oil,East Coast,,Ending Stocks of Distillate Fuel Oil,Ending Stocks of Distillate Fuel Oil,Thousand Barrels,weekly
PSW09,Data 6,WDISTP21,weekly Midwest (PADD 2) Ending Stocks of Distillate Fuel Oil,Midwest,,Ending Stocks of Distillate Fuel Oil,Ending Stocks of Distillate Fuel Oil,Thousand Barrels,weekly
PSW09,Data 6,WDISTP31,weekly Gulf Coast (PADD 3) Ending Stocks of Distillate Fuel Oil,Gulf Coast,,Ending Stocks of Distillate Fuel Oil,Ending Stocks of Distillate Fuel Oil,Thousand Barrels,weekly
PSW09,Data 6,WDISTP41,weekly Rocky Mountain (PADD 4) Ending Stocks of Distillate Fuel Oil,Rocky Mountain,,Ending Stocks of Distillate Fuel Oil,Ending Stocks of Distillate Fuel Oil,Thousand Barrels,weekly
PSW09,Data 6,WDISTP51,weekly West Coast (PADD 5) Ending Stocks of Distillate Fuel Oil,West Coast,,Ending Stocks of Distillate Fuel Oil,Ending Stocks of Distillate Fuel Oil,Thousand Barrels,weekly
PSW09,Data 6,WDISTUS1,weekly U.S. Ending Stocks of Distillate Fuel Oil,U.S.,,Ending Stocks of Distillate Fuel Oil,Ending Stocks of Distillate Fuel Oil,Thousand Barrels,weekly
PSW09,Data 6,WG1ST_NUS_1,weekly U.S. Ending Stocks of Reformulated Motor Gasoline with Fuel ALcohol,U.S.,,Ending Stocks of Reformulated Motor Gasoline with Fuel ALcohol,Ending Stocks of Reformulated Motor Gasoline with Fuel ALcohol,Thousand Barrels,weekly
PSW09,Data 6,WG1ST_R10_1,weekly East Coast (PADD 1) Ending Stocks of Reformulated Motor Gasoline with Fuel ALcohol,East Coast,,Ending Stocks of Reformulated Motor Gasoline with Fuel ALcohol,Ending Stocks of Reformulated Motor Gasoline with Fuel ALcohol,Thousand Barrels,weekly
PSW09,Data 6,WG1ST_R20_1,weekly Midwest (PADD 2) Ending Stocks of Reformulated Motor Gasoline with Fuel ALcohol,Midwest,,Ending Stocks of Reformulated Motor Gasoline with Fuel ALcohol,Ending Stocks of Reformulated Motor Gasoline with Fuel ALcohol,Thousand Barrels,weekly
PSW09,Data 6,WG1ST_R30_1,weekly Gulf Coast (PADD 3) Ending Stocks of Reformulated Motor Gasoline with Fuel ALcohol,Gulf Coast,,Ending Stocks of Reformulated Motor Gasoline with Fuel ALcohol,Ending Stocks of Reformulated Motor Gasoline with Fuel ALcohol,Thousand Barrels,weekly
PSW09,Data 6,WG1ST_R40_1,weekly Rocky Mountain (PADD 4) Ending Stocks of Reformulated Motor Gasoline with Fuel ALcohol,Rocky Mountain,,Ending Stocks of Reformulated Motor Gasoline with Fuel ALcohol,Ending Stocks of Reformulated Motor Gasoline with Fuel ALcohol,Thousand Barrels,weekly
PSW09,Data 6,WG1ST_R50_1,weekly West Coast (PADD 5) Ending Stocks of Reformulated Motor Gasoline with Fuel ALcohol,West Coast,,Ending Stocks of Reformulated Motor Gasoline with Fuel ALcohol,Ending Stocks of Reformulated Motor Gasoline with Fuel ALcohol,Thousand Barrels,weekly
PSW09,Data 6,WG3ST_NUS_1,"weekly U.S. Ending Stocks of Reformulated Motor Gasoline, Non-Oxygentated",U.S.,,"Ending Stocks of Reformulated Motor Gasoline, Non-Oxygentated","Ending Stocks of Reformulated Motor Gasoline, Non-Oxygentated",Thousand Barrels,weekly
PSW09,Data 6,WG3ST_R10_1,"weekly East Coast (PADD 1) Ending Stocks of Reformulated Motor Gasoline, Non-Oxygentated",East Coast,,"Ending Stocks of Reformulated Motor Gasoline, Non-Oxygentated","Ending Stocks of Reformulated Motor Gasoline, Non-Oxygentated",Thousand Barrels,weekly
PSW09,Data 6,WG3ST_R20_1,"weekly Midwest (PADD 2) Ending Stocks of Reformulated Motor Gasoline, Non-Oxygentated",Midwest,,"Ending Stocks of Reformulated Motor Gasoline, Non-Oxygentated","Ending Stocks of Reformulated Motor Gasoline, Non-Oxygentated",Thousand Barrels,weekly
PSW09,Data 6,WG3ST_R30_1,"weekly Gulf Coast (PADD 3) Ending Stocks of Reformulated Motor Gasoline, Non-Oxygentated",Gulf Coast,,"Ending Stocks of Reformulated Motor Gasoline, Non-Oxygentated","Ending Stocks of Reformulated Motor Gasoline, Non-Oxygentated",Thousand Barrels,weekly
PSW09,Data 6,WG3ST_R40_1,"weekly Rocky Mountain (PADD 4) Reformulated Gasoline, Non-Oxygenated Ending Stocks",Rocky Mountain,,"Reformulated Gasoline, Non-Oxygenated Ending Stocks","Reformulated Gasoline, Non-Oxygenated Ending Stocks",Thousand Barrels,weekly
PSW09,Data 6,WG3ST_R50_1,"weekly West Coast (PADD 5) Ending Stocks of Reformulated Motor Gasoline, Non-Oxygentated",West Coast,,"Ending Stocks of Reformulated Motor Gasoline, Non-Oxygentated","Ending Stocks of Reformulated Motor Gasoline, Non-Oxygentated",Thousand Barrels,weekly
PSW09,Data 6,WG4ST_NUS_1,weekly U.S. Ending Stocks of Conventional Motor Gasoline,U.S.,,Ending Stocks of Conventional Motor Gasoline,Ending Stocks of Conventional Motor Gasoline,Thousand Barrels,weekly
PSW09,Data 6,WG4ST_R10_1,weekly East Coast (PADD 1) Ending Stocks of Conventional Motor Gasoline,East Coast,,Ending Stocks of Conventional Motor Gasoline,Ending Stocks of Conventional Motor Gasoline,Thousand Barrels,weekly
PSW09,Data 6,WG4ST_R20_1,weekly Midwest (PADD 2) Ending Stocks of Conventional Motor Gasoline,Midwest,,Ending Stocks of Conventional Motor Gasoline,Ending Stocks of Conventional Motor Gasoline,Thousand Barrels,weekly
PSW09,Data 6,WG4ST_R30_1,weekly Gulf Coast (PADD 3) Ending Stocks of Conventional Motor Gasoline,Gulf Coast,,Ending Stocks of Conventional Motor Gasoline,Ending Stocks of Conventional Motor Gasoline,Thousand Barrels,weekly
PSW09,Data 6,WG4ST_R40_1,weekly Rocky Mountain (PADD 4) Ending Stocks of Conventional Motor Gasoline,Rocky Mountain,,Ending Stocks of Conventional Motor Gasoline,Ending Stocks of Conventional Motor Gasoline,Thousand Barrels,weekly
PSW09,Data 6,WG4ST_R50_1,weekly West Coast (PADD 5) Ending Stocks of Conventional Motor Gasoline,West Coast,,Ending Stocks of Conventional Motor Gasoline,Ending Stocks of Conventional Motor Gasoline,Thousand Barrels,weekly
PSW09,Data 6,WG5ST_NUS_1,weekly U.S. Ending Stocks of Conventional Motor Gasoline with Fuel Ethanol,U.S.,,Ending Stocks of Conventional Motor Gasoline with Fuel Ethanol,Ending Stocks of Conventional Motor Gasoline with Fuel Ethanol,Thousand Barrels,weekly
PSW09,Data 6,WG5ST_R10_1,weekly East Coast (PADD 1) Ending Stocks of Conventional Motor Gasoline with Fuel Ethanol,East Coast,,Ending Stocks of Conventional Motor Gasoline with Fuel Ethanol,Ending Stocks of Conventional Motor Gasoline with Fuel Ethanol,Thousand Barrels,weekly
PSW09,Data 6,WG5ST_R20_1,weekly Midwest (PADD 2) Ending Stocks of Conventional Motor Gasoline with Fuel Ethanol,Midwest,,Ending Stocks of Conventional Motor Gasoline with Fuel Ethanol,Ending Stocks of Conventional Motor Gasoline with Fuel Ethanol,Thousand Barrels,weekly
PSW09,Data 6,WG5ST_R30_1,weekly Gulf Coast (PADD 3) Ending Stocks of Conventional Motor Gasoline with Fuel Ethanol,Gulf Coast,,Ending Stocks of Conventional Motor Gasoline with Fuel Ethanol,Ending Stocks of Conventional Motor Gasoline with Fuel Ethanol,Thousand Barrels,weekly
PSW09,Data 6,WG5ST_R40_1,weekly Rocky Mountain (PADD 4) Ending Stocks of Conventional Motor Gasoline with Fuel Ethanol,Rocky Mountain,,Ending Stocks of Conventional Motor Gasoline with Fuel Ethanol,Ending Stocks of Conventional Motor Gasoline with Fuel Ethanol,Thousand Barrels,weekly
PSW09,Data 6,WG5ST_R50_1,weekly West Coast (PADD 5) Ending Stocks of Conventional Motor Gasoline with Fuel Ethanol,West Coast,,Ending Stocks of Conventional Motor Gasoline with Fuel Ethanol,Ending Stocks of Conventional Motor Gasoline with Fuel Ethanol,Thousand Barrels,weekly
PSW09,Data 6,WG6ST_NUS_1,weekly U.S. Ending Stocks of Other Conventional Motor Gasoline,U.S.,,Ending Stocks of Other Conventional Motor Gasoline,Ending Stocks of Other Conventional Motor Gasoline,Thousand Barrels,weekly
PSW09,Data 6,WG6ST_R10_1,weekly East Coast (PADD 1) Ending Stocks of Other Conventional Motor Gasoline,East Coast,,Ending Stocks of Other Conventional Motor Gasoline,Ending Stocks of Other Conventional Motor Gasoline,Thousand Barrels,weekly
PSW09,Data 6,WG6ST_R20_1,weekly Midwest (PADD 2) Ending Stocks of Other Conventional Motor Gasoline,Midwest,,Ending Stocks of Other Conventional Motor Gasoline,Ending Stocks of Other Conventional Motor Gasoline,Thousand Barrels,weekly
PSW09,Data 6,WG6ST_R30_1,weekly Gulf Coast (PADD 3) Ending Stocks of Other Conventional Motor Gasoline,Gulf Coast,,Ending Stocks of Other Conventional Motor Gasoline,Ending Stocks of Other Conventional Motor Gasoline,Thousand Barrels,weekly
PSW09,Data 6,WG6ST_R40_1,weekly Rocky Mountain (PADD 4) Ending Stocks of Other Conventional Motor Gasoline,Rocky Mountain,,Ending Stocks of Other Conventional Motor Gasoline,Ending Stocks of Other Conventional Motor Gasoline,Thousand Barrels,weekly
PSW09,Data 6,WG6ST_R50_1,weekly West Coast (PADD 5) Ending Stocks of Other Conventional Motor Gasoline,West Coast,,Ending Stocks of Other Conventional Motor Gasoline,Ending Stocks of Other Conventional Motor Gasoline,Thousand Barrels,weekly
PSW09,Data 6,WGFSTUS1,weekly U.S. Ending Stocks of Finished Motor Gasoline,U.S.,,Ending Stocks of Finished Motor Gasoline,Ending Stocks of Finished Motor Gasoline,Thousand Barrels,weekly
PSW09,Data 6,WGRSTP11,weekly East Coast (PADD 1) Ending Stocks of Reformulated Motor Gasoline,East Coast,,Ending Stocks of Reformulated Motor Gasoline,Ending Stocks of Reformulated Motor Gasoline,Thousand Barrels,weekly
PSW09,Data 6,WGRSTP21,weekly Midwest (PADD 2) Ending Stocks of Reformulated Motor Gasoline,Midwest,,Ending Stocks of Reformulated Motor Gasoline,Ending Stocks of Reformulated Motor Gasoline,Thousand Barrels,weekly
PSW09,Data 6,WGRSTP31,weekly Gulf Coast (PADD 3) Ending Stocks of Reformulated Motor Gasoline,Gulf Coast,,Ending Stocks of Reformulated Motor Gasoline,Ending Stocks of Reformulated Motor Gasoline,Thousand Barrels,weekly
PSW09,Data 6,WGRSTP41,weekly Rocky Mountain (PADD 4) Ending Stocks of Reformulated Motor Gasoline,Rocky Mountain,,Ending Stocks of Reformulated Motor Gasoline,Ending Stocks of Reformulated Motor Gasoline,Thousand Barrels,weekly
PSW09,Data 6,WGRSTP51,weekly West Coast (PADD 5) Ending Stocks of Reformulated Motor Gasoline,West Coast,,Ending Stocks of Reformulated Motor Gasoline,Ending Stocks of Reformulated Motor Gasoline,Thousand Barrels,weekly
PSW09,Data 6,WGRSTUS1,weekly U.S. Ending Stocks of Reformulated Motor Gasoline,U.S.,,Ending Stocks of Reformulated Motor Gasoline,Ending Stocks of Reformulated Motor Gasoline,Thousand Barrels,weekly
PSW09,Data 6,WGTSTP11,weekly East Coast (PADD 1) Ending Stocks of Total Gasoline,East Coast,,Ending Stocks of Total Gasoline,Ending Stocks of Total Gasoline,Thousand Barrels,weekly
PSW09,Data 6,WGTSTP21,weekly Midwest (PADD 2) Ending Stocks of Total Gasoline,Midwest,,Ending Stocks of Total Gasoline,Ending Stocks of Total Gasoline,Thousand Barrels,weekly
PSW09,Data 6,WGTSTP31,weekly Gulf Coast (PADD 3) Ending Stocks of Total Gasoline,Gulf Coast,,Ending Stocks of Total Gasoline,Ending Stocks of Total Gasoline,Thousand Barrels,weekly
PSW09,Data 6,WGTSTP41,weekly Rocky Mountain (PADD 4) Ending Stocks of Total Gasoline,Rocky Mountain,,Ending Stocks of Total Gasoline,Ending Stocks of Total Gasoline,Thousand Barrels,weekly
PSW09,Data 6,WGTSTP51,weekly West Coast (PADD 5) Ending Stocks of Total Gasoline,West Coast,,Ending Stocks of Total Gasoline,Ending Stocks of Total Gasoline,Thousand Barrels,weekly
PSW09,Data 6,WGTSTUS1,weekly U.S. Ending Stocks of Total Gasoline,U.S.,,Ending Stocks of Total Gasoline,Ending Stocks of Total Gasoline,Thousand Barrels,weekly
PSW09,Data 6,WKJSTP11,weekly East Coast (PADD 1) Ending Stocks of Kerosene-Type Jet Fuel,East Coast,,Ending Stocks of Kerosene-Type Jet Fuel,Ending Stocks of Kerosene-Type Jet Fuel,Thousand Barrels,weekly
PSW09,Data 6,WKJSTP21,weekly Midwest (PADD 2) Ending Stocks of Kerosene-Type Jet Fuel,Midwest,,Ending Stocks of Kerosene-Type Jet Fuel,Ending Stocks of Kerosene-Type Jet Fuel,Thousand Barrels,weekly
PSW09,Data 6,WKJSTP31,weekly Gulf Coast (PADD 3) Ending Stocks of Kerosene-Type Jet Fuel,Gulf Coast,,Ending Stocks of Kerosene-Type Jet Fuel,Ending Stocks of Kerosene-Type Jet Fuel,Thousand Barrels,weekly
PSW09,Data 6,WKJSTP41,weekly Rocky Mountain (PADD 4) Ending Stocks of Kerosene-Type Jet Fuel,Rocky Mountain,,Ending Stocks of Kerosene-Type Jet Fuel,Ending Stocks of Kerosene-Type Jet Fuel,Thousand Barrels,weekly
PSW09,Data 6,WKJSTP51,weekly West Coast (PADD 5) Ending Stocks of Kerosene-Type Jet Fuel,West Coast,,Ending Stocks of Kerosene-Type Jet Fuel,Ending Stocks of Kerosene-Type Jet Fuel,Thousand Barrels,weekly
PSW09,Data 6,WKJSTUS1,weekly U.S. Ending Stocks of Kerosene-Type Jet Fuel,U.S.,,Ending Stocks of Kerosene-Type Jet Fuel,Ending Stocks of Kerosene-Type Jet Fuel,Thousand Barrels,weekly
PSW09,Data 6,WO6ST_NUS_1,weekly U.S. Ending Stocks of Conventional CBOB Gasoline Blending Components,U.S.,,Ending Stocks of Conventional CBOB Gasoline Blending Components,Ending Stocks of Conventional CBOB Gasoline Blending Components,Thousand Barrels,weekly
PSW09,Data 6,WO6ST_R10_1,weekly East Coast (PADD 1) Ending Stocks of Conventional CBOB Gasoline Blending Components,East Coast,,Ending Stocks of Conventional CBOB Gasoline Blending Components,Ending Stocks of Conventional CBOB Gasoline Blending Components,Thousand Barrels,weekly
PSW09,Data 6,WO6ST_R20_1,weekly Midwest (PADD 2) Ending Stocks of Conventional CBOB Gasoline Blending Components,Midwest,,Ending Stocks of Conventional CBOB Gasoline Blending Components,Ending Stocks of Conventional CBOB Gasoline Blending Components,Thousand Barrels,weekly
PSW09,Data 6,WO6ST_R30_1,weekly Gulf Coast (PADD 3) Ending Stocks of Conventional CBOB Gasoline Blending Components,Gulf Coast,,Ending Stocks of Conventional CBOB Gasoline Blending Components,Ending Stocks of Conventional CBOB Gasoline Blending Components,Thousand Barrels,weekly
PSW09,Data 6,WO6ST_R40_1,weekly Rocky Mountain (PADD 4) Ending Stocks of Conventional CBOB Gasoline Blending Components,Rocky Mountain,,Ending Stocks of Conventional CBOB Gasoline Blending Components,Ending Stocks of Conventional CBOB Gasoline Blending Components,Thousand Barrels,weekly
PSW09,Data 6,WO6ST_R50_1,weekly West Coast (PADD 5) Ending Stocks of Conventional CBOB Gasoline Blending Components,West Coast,,Ending Stocks of Conventional CBOB Gasoline Blending Components,Ending Stocks of Conventional CBOB Gasoline Blending Components,Thousand Barrels,weekly
PSW09,Data 6,WO7ST_NUS_1,weekly U.S. Ending Stocks of Conventional GTAB Gasoline Blending Components,U.S.,,Ending Stocks of Conventional GTAB Gasoline Blending Components,Ending Stocks of Conventional GTAB Gasoline Blending Components,Thousand Barrels,weekly
PSW09,Data 6,WO7ST_R10_1,weekly East Coast (PADD 1) Ending Stocks of Conventional GTAB Gasoline Blending Components,East Coast,,Ending Stocks of Conventional GTAB Gasoline Blending Components,Ending Stocks of Conventional GTAB Gasoline Blending Components,Thousand Barrels,weekly
PSW09,Data 6,WO7ST_R20_1,weekly Midwest (PADD 2) Ending Stocks of Conventional GTAB Gasoline Blending Components,Midwest,,Ending Stocks of Conventional GTAB Gasoline Blending Components,Ending Stocks of Conventional GTAB Gasoline Blending Components,Thousand Barrels,weekly
PSW09,Data 6,WO7ST_R30_1,weekly Gulf Coast (PADD 3) Ending Stocks of Conventional GTAB Gasoline Blending Components,Gulf Coast,,Ending Stocks of Conventional GTAB Gasoline Blending Components,Ending Stocks of Conventional GTAB Gasoline Blending Components,Thousand Barrels,weekly
PSW09,Data 6,WO7ST_R40_1,weekly Rocky Mountain (PADD 4) Ending Stocks of Conventional GTAB Gasoline Blending Components,Rocky Mountain,,Ending Stocks of Conventional GTAB Gasoline Blending Components,Ending Stocks of Conventional GTAB Gasoline Blending Components,Thousand Barrels,weekly
PSW09,Data 6,WO7ST_R50_1,weekly West Coast (PADD 5) Ending Stocks of Conventional GTAB Gasoline Blending Components,West Coast,,Ending Stocks of Conventional GTAB Gasoline Blending Components,Ending Stocks of Conventional GTAB Gasoline Blending Components,Thousand Barrels,weekly
PSW09,Data 6,WO9ST_NUS_1,weekly U.S. Ending Stocks of Conventional Other Gasoline Blending Components,U.S.,,Ending Stocks of Conventional Other Gasoline Blending Components,Ending Stocks of Conventional Other Gasoline Blending Components,Thousand Barrels,weekly
PSW09,Data 6,WO9ST_R10_1,weekly East Coast (PADD 1) Ending Stocks of Conventional Other Gasoline Blending Components,East Coast,,Ending Stocks of Conventional Other Gasoline Blending Components,Ending Stocks of Conventional Other Gasoline Blending Components,Thousand Barrels,weekly
PSW09,Data 6,WO9ST_R20_1,weekly Midwest (PADD 2) Ending Stocks of Conventional Other Gasoline Blending Components,Midwest,,Ending Stocks of Conventional Other Gasoline Blending Components,Ending Stocks of Conventional Other Gasoline Blending Components,Thousand Barrels,weekly
PSW09,Data 6,WO9ST_R30_1,weekly Gulf Coast (PADD 3) Ending Stocks of Conventional Other Gasoline Blending Components,Gulf Coast,,Ending Stocks of Conventional Other Gasoline Blending Components,Ending Stocks of Conventional Other Gasoline Blending Components,Thousand Barrels,weekly
PSW09,Data 6,WO9ST_R40_1,weekly Rocky Mountain (PADD 4) Ending Stocks of Conventional Other Gasoline Blending Components,Rocky Mountain,,Ending Stocks of Conventional Other Gasoline Blending Components,Ending Stocks of Conventional Other Gasoline Blending Components,Thousand Barrels,weekly
PSW09,Data 6,WO9ST_R50_1,weekly West Coast (PADD 5) Ending Stocks of Conventional Other Gasoline Blending Components,West Coast,,Ending Stocks of Conventional Other Gasoline Blending Components,Ending Stocks of Conventional Other Gasoline Blending Components,Thousand Barrels,weekly
PSW09,Data 6,WPLSTUS1,weekly U.S. Propylene Nonfuel Use Stocks at Bulk Terminals,U.S.,,Propylene Nonfuel Use Stocks at Bulk Terminals,Propylene Nonfuel Use Stocks at Bulk Terminals,Thousand Barrels,weekly
PSW09,Data 6,WPRST1A1,weekly New England (PADD 1A) Propane and Propylene Ending Stocks Excluding Propylene at Terminal,,,New England (PADD 1A) Propane and Propylene Ending Stocks Excluding Propylene at Terminal,New England (PADD 1A) Propane and Propylene Ending Stocks Excluding Propylene at Terminal,Thousand Barrels,weekly
PSW09,Data 6,WPRST1B1,weekly Central Atlantic (PADD 1B) Propane and Propylene Ending Stocks Excluding Propylene at Terminal,,,Central Atlantic (PADD 1B) Propane and Propylene Ending Stocks Excluding Propylene at Terminal,Central Atlantic (PADD 1B) Propane and Propylene Ending Stocks Excluding Propylene at Terminal,Thousand Barrels,weekly
PSW09,Data 6,WPRST1C1,weekly Lower Atlantic (PADD 1C) Propane and Propylene Ending Stocks Excluding Propylene at Terminal,,,Lower Atlantic (PADD 1C) Propane and Propylene Ending Stocks Excluding Propylene at Terminal,Lower Atlantic (PADD 1C) Propane and Propylene Ending Stocks Excluding Propylene at Terminal,Thousand Barrels,weekly
PSW09,Data 6,WPRSTP11,weekly East Coast (PADD 1) Propane and Propylene Ending Stocks Excluding Propylene at Terminal,East Coast,,Propane and Propylene Ending Stocks Excluding Propylene at Terminal,Propane and Propylene Ending Stocks Excluding Propylene at Terminal,Thousand Barrels,weekly
PSW09,Data 6,WPRSTP21,weekly Midwest (PADD 2) Propane and Propylene Ending Stocks Excluding Propylene at Terminal,Midwest,,Propane and Propylene Ending Stocks Excluding Propylene at Terminal,Propane and Propylene Ending Stocks Excluding Propylene at Terminal,Thousand Barrels,weekly
PSW09,Data 6,WPRSTP31,weekly Gulf Coast (PADD 3) Propane and Propylene Ending Stocks Excluding Propylene at Terminal,Gulf Coast,,Propane and Propylene Ending Stocks Excluding Propylene at Terminal,Propane and Propylene Ending Stocks Excluding Propylene at Terminal,Thousand Barrels,weekly
PSW09,Data 6,WPRSTUS1,weekly U.S. Propane and Propylene Ending Stocks Excluding Propylene at Terminal,U.S.,,Propane and Propylene Ending Stocks Excluding Propylene at Terminal,Propane and Propylene Ending Stocks Excluding Propylene at Terminal,Thousand Barrels,weekly
PSW09,Data 6,WPRST_R4N5_1,weekly PADD 4 and PADD 5 Propane and Propylene Ending Stocks Excluding Propylene at Terminal,,,PADD 4 and PADD 5 Propane and Propylene Ending Stocks Excluding Propylene at Terminal,PADD 4 and PADD 5 Propane and Propylene Ending Stocks Excluding Propylene at Terminal,Thousand Barrels,weekly
PSW09,Data 6,WREST1A1,weekly New England (PADD 1A) Ending Stocks of Residual Fuel Oil,,,New England (PADD 1A) Ending Stocks of Residual Fuel Oil,New England (PADD 1A) Ending Stocks of Residual Fuel Oil,Thousand Barrels,weekly
PSW09,Data 6,WREST1B1,weekly Central Atlantic (PADD 1B) Ending Stocks of Residual Fuel Oil,,,Central Atlantic (PADD 1B) Ending Stocks of Residual Fuel Oil,Central Atlantic (PADD 1B) Ending Stocks of Residual Fuel Oil,Thousand Barrels,weekly
PSW09,Data 6,WREST1C1,weekly Lower Atlantic (PADD 1C) Ending Stocks of Residual Fuel Oil,,,Lower Atlantic (PADD 1C) Ending Stocks of Residual Fuel Oil,Lower Atlantic (PADD 1C) Ending Stocks of Residual Fuel Oil,Thousand Barrels,weekly
PSW09,Data 6,WRESTP11,weekly East Coast (PADD 1) Ending Stocks of Residual Fuel Oil,East Coast,,Ending Stocks of Residual Fuel Oil,Ending Stocks of Residual Fuel Oil,Thousand Barrels,weekly
PSW09,Data 6,WRESTP21,weekly Midwest (PADD 2) Ending Stocks of Residual Fuel Oil,Midwest,,Ending Stocks of Residual Fuel Oil,Ending Stocks of Residual Fuel Oil,Thousand Barrels,weekly
PSW09,Data 6,WRESTP31,weekly Gulf Coast (PADD 3) Ending Stocks of Residual Fuel Oil,Gulf Coast,,Ending Stocks of Residual Fuel Oil,Ending Stocks of Residual Fuel Oil,Thousand Barrels,weekly
PSW09,Data 6,WRESTP41,weekly Rocky Mountain (PADD 4) Ending Stocks of Residual Fuel Oil,Rocky Mountain,,Ending Stocks of Residual Fuel Oil,Ending Stocks of Residual Fuel Oil,Thousand Barrels,weekly
PSW09,Data 6,WRESTP51,weekly West Coast (PADD 5) Ending Stocks of Residual Fuel Oil,West Coast,,Ending Stocks of Residual Fuel Oil,Ending Stocks of Residual Fuel Oil,Thousand Barrels,weekly
PSW09,Data 6,WRESTUS1,weekly U.S. Ending Stocks of Residual Fuel Oil,U.S.,,Ending Stocks of Residual Fuel Oil,Ending Stocks of Residual Fuel Oil,Thousand Barrels,weekly
PSW09,Data 6,WTESTUS1,weekly U.S. Ending Stocks excluding SPR of Crude Oil and Petroleum Products,U.S.,,Ending Stocks excluding SPR of Crude Oil and Petroleum Products,Ending Stocks excluding SPR of Crude Oil and Petroleum Products,Thousand Barrels,weekly
PSW09,Data 6,WTTSTUS1,weekly U.S. Ending Stocks of Crude Oil and Petroleum Products,U.S.,,Ending Stocks of Crude Oil and Petroleum Products,Ending Stocks of Crude Oil and Petroleum Products,Thousand Barrels,weekly
PSW09,Data 6,WUOSTUS1,weekly U.S. Ending Stocks of Unfinished Oils,U.S.,,Ending Stocks of Unfinished Oils,Ending Stocks of Unfinished Oils,Thousand Barrels,weekly
PSW09,Data 6,W_EPC0_SAX_YCUOK_MBBL,"weekly Cushing, OK Ending Stocks excluding SPR of Crude Oil",,,"Cushing, OK Ending Stocks excluding SPR of Crude Oil","Cushing, OK Ending Stocks excluding SPR of Crude Oil",Thousand Barrels,weekly
PSW09,Data 6,W_EPC0_SKA_NUS_MBBL,weekly U.S. Crude Oil Stocks in Transit (on Ships) from Alaska,U.S.,,Crude Oil Stocks in Transit (on Ships) from Alaska,Crude Oil Stocks in Transit (on Ships) from Alaska,Thousand Barrels,weekly
PSW09,Data 6,W_EPL0XP_SAE_NUS_MBBL,weekly U.S. Ending Stocks of NGPLs/LRGs (Excluding Propane/Propylene),U.S.,,Ending Stocks of NGPLs/LRGs (Excluding Propane/Propylene),Ending Stocks of NGPLs/LRGs (Excluding Propane/Propylene),Thousand Barrels,weekly
PSW09,Data 6,W_EPLLP0C_SKB_NUS_MBBL,"weekly U.S. Ending Stocks of Propane, fractionated and ready for sale",U.S.,,"Ending Stocks of Propane, fractionated and ready for sale","Ending Stocks of Propane, fractionated and ready for sale",Thousand Barrels,weekly
PSW09,Data 6,W_EPLLP0C_SKB_R10_MBBL,"weekly East Coast (PADD 1) Ending Stocks of Propane, fractionated and ready for sale",East Coast,,"Ending Stocks of Propane, fractionated and ready for sale","Ending Stocks of Propane, fractionated and ready for sale",Thousand Barrels,weekly
PSW09,Data 6,W_EPLLP0C_SKB_R1X_MBBL,"weekly New England (PADD 1A) Ending Stocks of Propane, fractionated and ready for sale",,,"New England (PADD 1A) Ending Stocks of Propane, fractionated and ready for sale","New England (PADD 1A) Ending Stocks of Propane, fractionated and ready for sale",Thousand Barrels,weekly
PSW09,Data 6,W_EPLLP0C_SKB_R1Y_MBBL,"weekly Central Atlantic (PADD 1B) Ending Stocks of Propane, fractionated and ready for sale",,,"Central Atlantic (PADD 1B) Ending Stocks of Propane, fractionated and ready for sale","Central Atlantic (PADD 1B) Ending Stocks of Propane, fractionated and ready for sale",Thousand Barrels,weekly
PSW09,Data 6,W_EPLLP0C_SKB_R1Z_MBBL,"weekly Lower Atlantic (PADD 1C) Ending Stocks of Propane, fractionated and ready for sale",,,"Lower Atlantic (PADD 1C) Ending Stocks of Propane, fractionated and ready for sale","Lower Atlantic (PADD 1C) Ending Stocks of Propane, fractionated and ready for sale",Thousand Barrels,weekly
PSW09,Data 6,W_EPLLP0C_SKB_R20_MBBL,"weekly Midwest (PADD 2) Ending Stocks of Propane, fractionated and ready for sale",Midwest,,"Ending Stocks of Propane, fractionated and ready for sale","Ending Stocks of Propane, fractionated and ready for sale",Thousand Barrels,weekly
PSW09,Data 6,W_EPLLP0C_SKB_R30_MBBL,"weekly Gulf Coast (PADD 3) Ending Stocks of Propane, fractionated and ready for sale",Gulf Coast,,"Ending Stocks of Propane, fractionated and ready for sale","Ending Stocks of Propane, fractionated and ready for sale",Thousand Barrels,weekly
PSW09,Data 6,W_EPLLP0C_SKB_R40_MBBL,"weekly Rocky Mountain (PADD 4) Ending Stocks of Propane, fractionated and ready for sale",Rocky Mountain,,"Ending Stocks of Propane, fractionated and ready for sale","Ending Stocks of Propane, fractionated and ready for sale",Thousand Barrels,weekly
PSW09,Data 6,W_EPLLP0C_SKB_R50_MBBL,"weekly West Coast (PADD 5) Ending Stocks of Propane, fractionated and ready for sale",West Coast,,"Ending Stocks of Propane, fractionated and ready for sale","Ending Stocks of Propane, fractionated and ready for sale",Thousand Barrels,weekly
PSW09,Data 6,W_EPM0CAG55_SAE_NUS_MBBL,"weekly U.S. Ending Stocks of Conventional Motor Gasoline, Greater than Ed55",U.S.,,"Ending Stocks of Conventional Motor Gasoline, Greater than Ed55","Ending Stocks of Conventional Motor Gasoline, Greater than Ed55",Thousand Barrels,weekly
PSW09,Data 6,W_EPM0CAG55_SAE_R10_MBBL,"weekly East Coast (PADD 1) Ending Stocks of Conventional Motor Gasoline, Greater than Ed55",East Coast,,"Ending Stocks of Conventional Motor Gasoline, Greater than Ed55","Ending Stocks of Conventional Motor Gasoline, Greater than Ed55",Thousand Barrels,weekly
PSW09,Data 6,W_EPM0CAG55_SAE_R20_MBBL,"weekly Midwest (PADD 2) Ending Stocks of Conventional Motor Gasoline, Greater than Ed55",Midwest,,"Ending Stocks of Conventional Motor Gasoline, Greater than Ed55","Ending Stocks of Conventional Motor Gasoline, Greater than Ed55",Thousand Barrels,weekly
PSW09,Data 6,W_EPM0CAG55_SAE_R30_MBBL,"weekly Gulf Coast (PADD 3) Ending Stocks of Conventional Motor Gasoline, Greater than Ed55",Gulf Coast,,"Ending Stocks of Conventional Motor Gasoline, Greater than Ed55","Ending Stocks of Conventional Motor Gasoline, Greater than Ed55",Thousand Barrels,weekly
PSW09,Data 6,W_EPM0CAG55_SAE_R40_MBBL,"weekly Rocky Mountain (PADD 4) Ending Stocks of Conventional Motor Gasoline, Greater than Ed55",Rocky Mountain,,"Ending Stocks of Conventional Motor Gasoline, Greater than Ed55","Ending Stocks of Conventional Motor Gasoline, Greater than Ed55",Thousand Barrels,weekly
PSW09,Data 6,W_EPM0CAG55_SAE_R50_MBBL,"weekly West Coast (PADD 5) Ending Stocks of Conventional Motor Gasoline, Greater than Ed55",West Coast,,"Ending Stocks of Conventional Motor Gasoline, Greater than Ed55","Ending Stocks of Conventional Motor Gasoline, Greater than Ed55",Thousand Barrels,weekly
PSW09,Data 6,W_EPM0CAL55_SAE_NUS_MBBL,"weekly U.S. Ending Stocks of Conventional Motor Gasoline, Ed55 and Lower",U.S.,,"Ending Stocks of Conventional Motor Gasoline, Ed55 and Lower","Ending Stocks of Conventional Motor Gasoline, Ed55 and Lower",Thousand Barrels,weekly
PSW09,Data 6,W_EPM0CAL55_SAE_R10_MBBL,"weekly East Coast (PADD 1) Ending Stocks of Conventional Motor Gasoline, Ed55 and Lower",East Coast,,"Ending Stocks of Conventional Motor Gasoline, Ed55 and Lower","Ending Stocks of Conventional Motor Gasoline, Ed55 and Lower",Thousand Barrels,weekly
PSW09,Data 6,W_EPM0CAL55_SAE_R20_MBBL,"weekly Midwest (PADD 2) Ending Stocks of Conventional Motor Gasoline, Ed55 and Lower",Midwest,,"Ending Stocks of Conventional Motor Gasoline, Ed55 and Lower","Ending Stocks of Conventional Motor Gasoline, Ed55 and Lower",Thousand Barrels,weekly
PSW09,Data 6,W_EPM0CAL55_SAE_R30_MBBL,"weekly Gulf Coast (PADD 3) Ending Stocks of Conventional Motor Gasoline, Ed55 and Lower",Gulf Coast,,"Ending Stocks of Conventional Motor Gasoline, Ed55 and Lower","Ending Stocks of Conventional Motor Gasoline, Ed55 and Lower",Thousand Barrels,weekly
PSW09,Data 6,W_EPM0CAL55_SAE_R40_MBBL,"weekly Rocky Mountain (PADD 4) Ending Stocks of Conventional Motor Gasoline, Ed55 and Lower",Rocky Mountain,,"Ending Stocks of Conventional Motor Gasoline, Ed55 and Lower","Ending Stocks of Conventional Motor Gasoline, Ed55 and Lower",Thousand Barrels,weekly
PSW09,Data 6,W_EPM0CAL55_SAE_R50_MBBL,"weekly West Coast (PADD 5) Ending Stocks of Conventional Motor Gasoline, Ed55 and Lower",West Coast,,"Ending Stocks of Conventional Motor Gasoline, Ed55 and Lower","Ending Stocks of Conventional Motor Gasoline, Ed55 and Lower",Thousand Barrels,weekly
PSW09,Data 6,W_EPOBGRR_SAE_NUS_MBBL,"weekly U.S. Ending Stocks of Motor Gasoline Blending Components, RBOB",U.S.,,"Ending Stocks of Motor Gasoline Blending Components, RBOB","Ending Stocks of Motor Gasoline Blending Components, RBOB",Thousand Barrels,weekly
PSW09,Data 6,W_EPOBGRR_SAE_R10_MBBL,"weekly East Coast (PADD 1) Ending Stocks of Motor Gasoline Blending Components, RBOB",East Coast,,"Ending Stocks of Motor Gasoline Blending Components, RBOB","Ending Stocks of Motor Gasoline Blending Components, RBOB",Thousand Barrels,weekly
PSW09,Data 6,W_EPOBGRR_SAE_R20_MBBL,"weekly Midwest (PADD 2) Ending Stocks of Motor Gasoline Blending Components, RBOB",Midwest,,"Ending Stocks of Motor Gasoline Blending Components, RBOB","Ending Stocks of Motor Gasoline Blending Components, RBOB",Thousand Barrels,weekly
PSW09,Data 6,W_EPOBGRR_SAE_R30_MBBL,"weekly Gulf Coast (PADD 3) Ending Stocks of Motor Gasoline Blending Components, RBOB",Gulf Coast,,"Ending Stocks of Motor Gasoline Blending Components, RBOB","Ending Stocks of Motor Gasoline Blending Components, RBOB",Thousand Barrels,weekly
PSW09,Data 6,W_EPOBGRR_SAE_R40_MBBL,"weekly Rocky Mountain (PADD 4) Ending Stocks of Motor Gasoline Blending Components, RBOB",Rocky Mountain,,"Ending Stocks of Motor Gasoline Blending Components, RBOB","Ending Stocks of Motor Gasoline Blending Components, RBOB",Thousand Barrels,weekly
PSW09,Data 6,W_EPOBGRR_SAE_R50_MBBL,"weekly West Coast (PADD 5) Ending Stocks of Motor Gasoline Blending Components, RBOB",West Coast,,"Ending Stocks of Motor Gasoline Blending Components, RBOB","Ending Stocks of Motor Gasoline Blending Components, RBOB",Thousand Barrels,weekly
PSW09,Data 6,W_EPOOXE_SAE_NUS_MBBL,weekly U.S. Ending Stocks of Fuel Ethanol,U.S.,,Ending Stocks of Fuel Ethanol,Ending Stocks of Fuel Ethanol,Thousand Barrels,weekly
PSW09,Data 6,W_EPOOXE_SAE_R10_MBBL,weekly East Coast (PADD 1) Ending Stocks of Fuel Ethanol,East Coast,,Ending Stocks of Fuel Ethanol,Ending Stocks of Fuel Ethanol,Thousand Barrels,weekly
PSW09,Data 6,W_EPOOXE_SAE_R20_MBBL,weekly Midwest (PADD 2) Ending Stocks of Fuel Ethanol,Midwest,,Ending Stocks of Fuel Ethanol,Ending Stocks of Fuel Ethanol,Thousand Barrels,weekly
PSW09,Data 6,W_EPOOXE_SAE_R30_MBBL,weekly Gulf Coast (PADD 3) Ending Stocks of Fuel Ethanol,Gulf Coast,,Ending Stocks of Fuel Ethanol,Ending Stocks of Fuel Ethanol,Thousand Barrels,weekly
PSW09,Data 6,W_EPOOXE_SAE_R40_MBBL,weekly Rocky Mountain (PADD 4) Ending Stocks of Fuel Ethanol,Rocky Mountain,,Ending Stocks of Fuel Ethanol,Ending Stocks of Fuel Ethanol,Thousand Barrels,weekly
PSW09,Data 6,W_EPOOXE_SAE_R50_MBBL,weekly West Coast (PADD 5) Ending Stocks of Fuel Ethanol,West Coast,,Ending Stocks of Fuel Ethanol,Ending Stocks of Fuel Ethanol,Thousand Barrels,weekly
PSW09,Data 6,W_EPPA_SAE_NUS_MBBL,weekly U.S. Ending Stocks of Asphalt and Road Oil,U.S.,,Ending Stocks of Asphalt and Road Oil,Ending Stocks of Asphalt and Road Oil,Thousand Barrels,weekly
PSW09,Data 6,W_EPPK_SAE_NUS_MBBL,weekly U.S. Ending Stocks of Kerosene,U.S.,,Ending Stocks of Kerosene,Ending Stocks of Kerosene,Thousand Barrels,weekly
PSW09,Data 6,W_EPPO6_SAE_NUS_MBBL,weekly U.S. Ending Stocks of Other Oils (Excluding Fuel Ethanol),U.S.,,Ending Stocks of Other Oils (Excluding Fuel Ethanol),Ending Stocks of Other Oils (Excluding Fuel Ethanol),Thousand Barrels,weekly
PSW09,Data 7,WBCIMUS2,weekly U.S. Imports of Gasoline Blending Components,U.S.,,Imports of Gasoline Blending Components,Imports of Gasoline Blending Components,Thousand Barrels per Day,weekly
PSW09,Data 7,WBCIM_R10-Z00_2,weekly East Coast (PADD 1) Imports of Gasoline Blending Components,East Coast,,Imports of Gasoline Blending Components,Imports of Gasoline Blending Components,Thousand Barrels per Day,weekly
PSW09,Data 7,WBCIM_R20-Z00_2,weekly Midwest (PADD 2) Imports of Gasoline Blending Components,Midwest,,Imports of Gasoline Blending Components,Imports of Gasoline Blending Components,Thousand Barrels per Day,weekly
PSW09,Data 7,WBCIM_R30-Z00_2,weekly Gulf Coast (PADD 3) Imports of Gasoline Blending Components,Gulf Coast,,Imports of Gasoline Blending Components,Imports of Gasoline Blending Components,Thousand Barrels per Day,weekly
PSW09,Data 7,WBCIM_R40-Z00_2,weekly Rocky Mountain (PADD 4) Imports of Gasoline Blending Components,Rocky Mountain,,Imports of Gasoline Blending Components,Imports of Gasoline Blending Components,Thousand Barrels per Day,weekly
PSW09,Data 7,WBCIM_R50-Z00_2,weekly West Coast (PADD 5) Imports of Gasoline Blending Components,West Coast,,Imports of Gasoline Blending Components,Imports of Gasoline Blending Components,Thousand Barrels per Day,weekly
PSW09,Data 7,WCEIMP12,weekly East Coast (PADD 1) Commercial Crude Oil Imports Excluding SPR,East Coast,,Commercial Crude Oil Imports Excluding SPR,Commercial Crude Oil Imports Excluding SPR,Thousand Barrels per Day,weekly
PSW09,Data 7,WCEIMP22,weekly Midwest (PADD 2) Commercial Crude Oil Imports Excluding SPR,Midwest,,Commercial Crude Oil Imports Excluding SPR,Commercial Crude Oil Imports Excluding SPR,Thousand Barrels per Day,weekly
PSW09,Data 7,WCEIMP32,weekly Gulf Coast (PADD 3) Commercial Crude Oil Imports Excluding SPR,Gulf Coast,,Commercial Crude Oil Imports Excluding SPR,Commercial Crude Oil Imports Excluding SPR,Thousand Barrels per Day,weekly
PSW09,Data 7,WCEIMP42,weekly Rocky Mountain (PADD 4) Commercial Crude Oil Imports Excluding SPR,Rocky Mountain,,Commercial Crude Oil Imports Excluding SPR,Commercial Crude Oil Imports Excluding SPR,Thousand Barrels per Day,weekly
PSW09,Data 7,WCEIMP52,weekly West Coast (PADD 5) Commercial Crude Oil Imports Excluding SPR,West Coast,,Commercial Crude Oil Imports Excluding SPR,Commercial Crude Oil Imports Excluding SPR,Thousand Barrels per Day,weekly
PSW09,Data 7,WCEIMUS2,weekly U.S. Commercial Crude Oil Imports Excluding SPR,U.S.,,Commercial Crude Oil Imports Excluding SPR,Commercial Crude Oil Imports Excluding SPR,Thousand Barrels per Day,weekly
PSW09,Data 7,WCRIMUS2,weekly U.S. Imports of Crude Oil,U.S.,,Imports of Crude Oil,Imports of Crude Oil,Thousand Barrels per Day,weekly
PSW09,Data 7,WCSIMUS2,weekly U.S. Crude Oil Imports by SPR,U.S.,,Crude Oil Imports by SPR,Crude Oil Imports by SPR,Thousand Barrels per Day,weekly
PSW09,Data 7,WD0IM_NUS-Z00_2,"weekly U.S. Imports of Distillate Fuel Oil, 0 to 15 ppm Sulfur",U.S.,,"Imports of Distillate Fuel Oil, 0 to 15 ppm Sulfur","Imports of Distillate Fuel Oil, 0 to 15 ppm Sulfur",Thousand Barrels per Day,weekly
PSW09,Data 7,WD0IM_R10-Z00_2,"weekly East Coast (PADD 1) Imports of Distillate Fuel Oil, 0 to 15 ppm Sulfur",East Coast,,"Imports of Distillate Fuel Oil, 0 to 15 ppm Sulfur","Imports of Distillate Fuel Oil, 0 to 15 ppm Sulfur",Thousand Barrels per Day,weekly
PSW09,Data 7,WD0IM_R20-Z00_2,"weekly Midwest (PADD 2) Imports of Distillate Fuel Oil, 0 to 15 ppm Sulfur",Midwest,,"Imports of Distillate Fuel Oil, 0 to 15 ppm Sulfur","Imports of Distillate Fuel Oil, 0 to 15 ppm Sulfur",Thousand Barrels per Day,weekly
PSW09,Data 7,WD0IM_R30-Z00_2,"weekly Gulf Coast (PADD 3) Imports of Distillate Fuel Oil, 0 to 15 ppm Sulfur",Gulf Coast,,"Imports of Distillate Fuel Oil, 0 to 15 ppm Sulfur","Imports of Distillate Fuel Oil, 0 to 15 ppm Sulfur",Thousand Barrels per Day,weekly
PSW09,Data 7,WD0IM_R40-Z00_2,"weekly Rocky Mountain (PADD 4) Imports of Distillate Fuel Oil, 0 to 15 ppm Sulfur",Rocky Mountain,,"Imports of Distillate Fuel Oil, 0 to 15 ppm Sulfur","Imports of Distillate Fuel Oil, 0 to 15 ppm Sulfur",Thousand Barrels per Day,weekly
PSW09,Data 7,WD0IM_R50-Z00_2,"weekly West Coast (PADD 5) Imports of Distillate Fuel Oil, 0 to 15 ppm Sulfur",West Coast,,"Imports of Distillate Fuel Oil, 0 to 15 ppm Sulfur","Imports of Distillate Fuel Oil, 0 to 15 ppm Sulfur",Thousand Barrels per Day,weekly
PSW09,Data 7,WD1IM_NUS-Z00_2,"weekly U.S. Imports of Distillate Fuel Oil, Greater than 15 to 500 ppm Sulfur",U.S.,,"Imports of Distillate Fuel Oil, Greater than 15 to 500 ppm Sulfur","Imports of Distillate Fuel Oil, Greater than 15 to 500 ppm Sulfur",Thousand Barrels per Day,weekly
PSW09,Data 7,WD1IM_R10-Z00_2,"weekly East Coast (PADD 1) Imports of Distillate Fuel Oil, Greater than 15 to 500 ppm Sulfur",East Coast,,"Imports of Distillate Fuel Oil, Greater than 15 to 500 ppm Sulfur","Imports of Distillate Fuel Oil, Greater than 15 to 500 ppm Sulfur",Thousand Barrels per Day,weekly
PSW09,Data 7,WD1IM_R20-Z00_2,"weekly Midwest (PADD 2) Imports of Distillate Fuel Oil, Greater than 15 to 500 ppm Sulfur",Midwest,,"Imports of Distillate Fuel Oil, Greater than 15 to 500 ppm Sulfur","Imports of Distillate Fuel Oil, Greater than 15 to 500 ppm Sulfur",Thousand Barrels per Day,weekly
PSW09,Data 7,WD1IM_R30-Z00_2,"weekly Gulf Coast (PADD 3) Imports of Distillate Fuel Oil, Greater than 15 to 500 ppm Sulfur",Gulf Coast,,"Imports of Distillate Fuel Oil, Greater than 15 to 500 ppm Sulfur","Imports of Distillate Fuel Oil, Greater than 15 to 500 ppm Sulfur",Thousand Barrels per Day,weekly
PSW09,Data 7,WD1IM_R40-Z00_2,"weekly Rocky Mountain (PADD 4) Imports of Distillate Fuel Oil, Greater than 15 to 500 ppm Sulfur",Rocky Mountain,,"Imports of Distillate Fuel Oil, Greater than 15 to 500 ppm Sulfur","Imports of Distillate Fuel Oil, Greater than 15 to 500 ppm Sulfur",Thousand Barrels per Day,weekly
PSW09,Data 7,WD1IM_R50-Z00_2,"weekly West Coast (PADD 5) Imports of Distillate Fuel Oil, Greater than 15 to 500 ppm Sulfur",West Coast,,"Imports of Distillate Fuel Oil, Greater than 15 to 500 ppm Sulfur","Imports of Distillate Fuel Oil, Greater than 15 to 500 ppm Sulfur",Thousand Barrels per Day,weekly
PSW09,Data 7,WD2IM_NUS-Z00_2,"weekly U.S. Imports of Distillate Fuel Oil, Greater than 500 to 2000 ppm Sulfur",U.S.,,"Imports of Distillate Fuel Oil, Greater than 500 to 2000 ppm Sulfur","Imports of Distillate Fuel Oil, Greater than 500 to 2000 ppm Sulfur",Thousand Barrels per Day,weekly
PSW09,Data 7,WD2IM_R10-Z00_2,"weekly East Coast (PADD 1) Imports of Distillate Fuel Oil, Greater than 500 to 2000 ppm Sulfur",East Coast,,"Imports of Distillate Fuel Oil, Greater than 500 to 2000 ppm Sulfur","Imports of Distillate Fuel Oil, Greater than 500 to 2000 ppm Sulfur",Thousand Barrels per Day,weekly
PSW09,Data 7,WD2IM_R20-Z00_2,"weekly Midwest (PADD 2) Imports of Distillate Fuel Oil, Greater than 500 to 2000 ppm Sulfur",Midwest,,"Imports of Distillate Fuel Oil, Greater than 500 to 2000 ppm Sulfur","Imports of Distillate Fuel Oil, Greater than 500 to 2000 ppm Sulfur",Thousand Barrels per Day,weekly
PSW09,Data 7,WD2IM_R30-Z00_2,"weekly Gulf Coast (PADD 3) Imports of Distillate Fuel Oil, Greater than 500 to 2000 ppm Sulfur",Gulf Coast,,"Imports of Distillate Fuel Oil, Greater than 500 to 2000 ppm Sulfur","Imports of Distillate Fuel Oil, Greater than 500 to 2000 ppm Sulfur",Thousand Barrels per Day,weekly
PSW09,Data 7,WD2IM_R40-Z00_2,"weekly Rocky Mountain (PADD 4) Imports of Distillate Fuel Oil, Greater than 500 to 2000 ppm Sulfur",Rocky Mountain,,"Imports of Distillate Fuel Oil, Greater than 500 to 2000 ppm Sulfur","Imports of Distillate Fuel Oil, Greater than 500 to 2000 ppm Sulfur",Thousand Barrels per Day,weekly
PSW09,Data 7,WD2IM_R50-Z00_2,"weekly West Coast (PADD 5) Imports of Distillate Fuel Oil, Greater than 500 to 2000 ppm Sulfur",West Coast,,"Imports of Distillate Fuel Oil, Greater than 500 to 2000 ppm Sulfur","Imports of Distillate Fuel Oil, Greater than 500 to 2000 ppm Sulfur",Thousand Barrels per Day,weekly
PSW09,Data 7,WD3IM_NUS-Z00_2,"weekly U.S. Imports of Distillate Fuel Oil, Greater than 2000 ppm Sulfur",U.S.,,"Imports of Distillate Fuel Oil, Greater than 2000 ppm Sulfur","Imports of Distillate Fuel Oil, Greater than 2000 ppm Sulfur",Thousand Barrels per Day,weekly
PSW09,Data 7,WD3IM_R10-Z00_2,"weekly East Coast (PADD 1) Imports of Distillate Fuel Oil, Greater than 2000 ppm Sulfur",East Coast,,"Imports of Distillate Fuel Oil, Greater than 2000 ppm Sulfur","Imports of Distillate Fuel Oil, Greater than 2000 ppm Sulfur",Thousand Barrels per Day,weekly
PSW09,Data 7,WD3IM_R20-Z00_2,"weekly Midwest (PADD 2) Imports of Distillate Fuel Oil, Greater than 2000 ppm Sulfur",Midwest,,"Imports of Distillate Fuel Oil, Greater than 2000 ppm Sulfur","Imports of Distillate Fuel Oil, Greater than 2000 ppm Sulfur",Thousand Barrels per Day,weekly
PSW09,Data 7,WD3IM_R30-Z00_2,"weekly Gulf Coast (PADD 3) Imports of Distillate Fuel Oil, Greater than 2000 ppm Sulfur",Gulf Coast,,"Imports of Distillate Fuel Oil, Greater than 2000 ppm Sulfur","Imports of Distillate Fuel Oil, Greater than 2000 ppm Sulfur",Thousand Barrels per Day,weekly
PSW09,Data 7,WD3IM_R40-Z00_2,"weekly Rocky Mountain (PADD 4) Imports of Distillate Fuel Oil, Greater than 2000 ppm Sulfur",Rocky Mountain,,"Imports of Distillate Fuel Oil, Greater than 2000 ppm Sulfur","Imports of Distillate Fuel Oil, Greater than 2000 ppm Sulfur",Thousand Barrels per Day,weekly
PSW09,Data 7,WD3IM_R50-Z00_2,"weekly West Coast (PADD 5) Imports of Distillate Fuel Oil, Greater than 2000 ppm Sulfur",West Coast,,"Imports of Distillate Fuel Oil, Greater than 2000 ppm Sulfur","Imports of Distillate Fuel Oil, Greater than 2000 ppm Sulfur",Thousand Barrels per Day,weekly
PSW09,Data 7,WDIIMUS2,weekly U.S. Imports of Distillate Fuel Oil,U.S.,,Imports of Distillate Fuel Oil,Imports of Distillate Fuel Oil,Thousand Barrels per Day,weekly
PSW09,Data 7,WDIIM_R10-Z00_2,weekly East Coast (PADD 1) Imports of Distillate Fuel Oil,East Coast,,Imports of Distillate Fuel Oil,Imports of Distillate Fuel Oil,Thousand Barrels per Day,weekly
PSW09,Data 7,WDIIM_R20-Z00_2,weekly Midwest (PADD 2) Imports of Distillate Fuel Oil,Midwest,,Imports of Distillate Fuel Oil,Imports of Distillate Fuel Oil,Thousand Barrels per Day,weekly
PSW09,Data 7,WDIIM_R30-Z00_2,weekly Gulf Coast (PADD 3) Imports of Distillate Fuel Oil,Gulf Coast,,Imports of Distillate Fuel Oil,Imports of Distillate Fuel Oil,Thousand Barrels per Day,weekly
PSW09,Data 7,WDIIM_R40-Z00_2,weekly Rocky Mountain (PADD 4) Imports of Distillate Fuel Oil,Rocky Mountain,,Imports of Distillate Fuel Oil,Imports of Distillate Fuel Oil,Thousand Barrels per Day,weekly
PSW09,Data 7,WDIIM_R50-Z00_2,weekly West Coast (PADD 5) Imports of Distillate Fuel Oil,West Coast,,Imports of Distillate Fuel Oil,Imports of Distillate Fuel Oil,Thousand Barrels per Day,weekly
PSW09,Data 7,WG1IM_NUS-Z00_2,weekly U.S. Imports of Reformulated Motor Gasoline with Fuel ALcohol,U.S.,,Imports of Reformulated Motor Gasoline with Fuel ALcohol,Imports of Reformulated Motor Gasoline with Fuel ALcohol,Thousand Barrels per Day,weekly
PSW09,Data 7,WG1IM_R10-Z00_2,weekly East Coast (PADD 1) Imports of Reformulated Motor Gasoline with Fuel ALcohol,East Coast,,Imports of Reformulated Motor Gasoline with Fuel ALcohol,Imports of Reformulated Motor Gasoline with Fuel ALcohol,Thousand Barrels per Day,weekly
PSW09,Data 7,WG1IM_R20-Z00_2,weekly Midwest (PADD 2) Imports of Reformulated Motor Gasoline with Fuel ALcohol,Midwest,,Imports of Reformulated Motor Gasoline with Fuel ALcohol,Imports of Reformulated Motor Gasoline with Fuel ALcohol,Thousand Barrels per Day,weekly
PSW09,Data 7,WG1IM_R30-Z00_2,weekly Gulf Coast (PADD 3) Imports of Reformulated Motor Gasoline with Fuel ALcohol,Gulf Coast,,Imports of Reformulated Motor Gasoline with Fuel ALcohol,Imports of Reformulated Motor Gasoline with Fuel ALcohol,Thousand Barrels per Day,weekly
PSW09,Data 7,WG1IM_R40-Z00_2,weekly Rocky Mountain (PADD 4) Imports of Reformulated Motor Gasoline with Fuel ALcohol,Rocky Mountain,,Imports of Reformulated Motor Gasoline with Fuel ALcohol,Imports of Reformulated Motor Gasoline with Fuel ALcohol,Thousand Barrels per Day,weekly
PSW09,Data 7,WG1IM_R50-Z00_2,weekly West Coast (PADD 5) Imports of Reformulated Motor Gasoline with Fuel ALcohol,West Coast,,Imports of Reformulated Motor Gasoline with Fuel ALcohol,Imports of Reformulated Motor Gasoline with Fuel ALcohol,Thousand Barrels per Day,weekly
PSW09,Data 7,WG4IM_NUS-Z00_2,weekly U.S. Imports of Conventional Motor Gasoline,U.S.,,Imports of Conventional Motor Gasoline,Imports of Conventional Motor Gasoline,Thousand Barrels per Day,weekly
PSW09,Data 7,WG4IM_R10-Z00_2,weekly East Coast (PADD 1) Imports of Conventional Motor Gasoline,East Coast,,Imports of Conventional Motor Gasoline,Imports of Conventional Motor Gasoline,Thousand Barrels per Day,weekly
PSW09,Data 7,WG4IM_R20-Z00_2,weekly Midwest (PADD 2) Imports of Conventional Motor Gasoline,Midwest,,Imports of Conventional Motor Gasoline,Imports of Conventional Motor Gasoline,Thousand Barrels per Day,weekly
PSW09,Data 7,WG4IM_R30-Z00_2,weekly Gulf Coast (PADD 3) Imports of Conventional Motor Gasoline,Gulf Coast,,Imports of Conventional Motor Gasoline,Imports of Conventional Motor Gasoline,Thousand Barrels per Day,weekly
PSW09,Data 7,WG4IM_R40-Z00_2,weekly Rocky Mountain (PADD 4) Imports of Conventional Motor Gasoline,Rocky Mountain,,Imports of Conventional Motor Gasoline,Imports of Conventional Motor Gasoline,Thousand Barrels per Day,weekly
PSW09,Data 7,WG4IM_R50-Z00_2,weekly West Coast (PADD 5) Imports of Conventional Motor Gasoline,West Coast,,Imports of Conventional Motor Gasoline,Imports of Conventional Motor Gasoline,Thousand Barrels per Day,weekly
PSW09,Data 7,WG5IM_NUS-Z00_2,weekly U.S. Imports of Conventional Motor Gasoline with Fuel Ethanol,U.S.,,Imports of Conventional Motor Gasoline with Fuel Ethanol,Imports of Conventional Motor Gasoline with Fuel Ethanol,Thousand Barrels per Day,weekly
PSW09,Data 7,WG5IM_R10-Z00_2,weekly East Coast (PADD 1) Imports of Conventional Motor Gasoline with Fuel Ethanol,East Coast,,Imports of Conventional Motor Gasoline with Fuel Ethanol,Imports of Conventional Motor Gasoline with Fuel Ethanol,Thousand Barrels per Day,weekly
PSW09,Data 7,WG5IM_R20-Z00_2,weekly Midwest (PADD 2) Imports of Conventional Motor Gasoline with Fuel Ethanol,Midwest,,Imports of Conventional Motor Gasoline with Fuel Ethanol,Imports of Conventional Motor Gasoline with Fuel Ethanol,Thousand Barrels per Day,weekly
PSW09,Data 7,WG5IM_R30-Z00_2,weekly Gulf Coast (PADD 3) Imports of Conventional Motor Gasoline with Fuel Ethanol,Gulf Coast,,Imports of Conventional Motor Gasoline with Fuel Ethanol,Imports of Conventional Motor Gasoline with Fuel Ethanol,Thousand Barrels per Day,weekly
PSW09,Data 7,WG5IM_R40-Z00_2,weekly Rocky Mountain (PADD 4) Imports of Conventional Motor Gasoline with Fuel Ethanol,Rocky Mountain,,Imports of Conventional Motor Gasoline with Fuel Ethanol,Imports of Conventional Motor Gasoline with Fuel Ethanol,Thousand Barrels per Day,weekly
PSW09,Data 7,WG5IM_R50-Z00_2,weekly West Coast (PADD 5) Imports of Conventional Motor Gasoline with Fuel Ethanol,West Coast,,Imports of Conventional Motor Gasoline with Fuel Ethanol,Imports of Conventional Motor Gasoline with Fuel Ethanol,Thousand Barrels per Day,weekly
PSW09,Data 7,WG6IM_NUS-Z00_2,weekly U.S. Imports of Other Conventional Motor Gasoline,U.S.,,Imports of Other Conventional Motor Gasoline,Imports of Other Conventional Motor Gasoline,Thousand Barrels per Day,weekly
PSW09,Data 7,WG6IM_R10-Z00_2,weekly East Coast (PADD 1) Imports of Other Conventional Motor Gasoline,East Coast,,Imports of Other Conventional Motor Gasoline,Imports of Other Conventional Motor Gasoline,Thousand Barrels per Day,weekly
PSW09,Data 7,WG6IM_R20-Z00_2,weekly Midwest (PADD 2) Imports of Other Conventional Motor Gasoline,Midwest,,Imports of Other Conventional Motor Gasoline,Imports of Other Conventional Motor Gasoline,Thousand Barrels per Day,weekly
PSW09,Data 7,WG6IM_R30-Z00_2,weekly Gulf Coast (PADD 3) Imports of Other Conventional Motor Gasoline,Gulf Coast,,Imports of Other Conventional Motor Gasoline,Imports of Other Conventional Motor Gasoline,Thousand Barrels per Day,weekly
PSW09,Data 7,WG6IM_R40-Z00_2,weekly Rocky Mountain (PADD 4) Imports of Other Conventional Motor Gasoline,Rocky Mountain,,Imports of Other Conventional Motor Gasoline,Imports of Other Conventional Motor Gasoline,Thousand Barrels per Day,weekly
PSW09,Data 7,WG6IM_R50-Z00_2,weekly West Coast (PADD 5) Imports of Other Conventional Motor Gasoline,West Coast,,Imports of Other Conventional Motor Gasoline,Imports of Other Conventional Motor Gasoline,Thousand Barrels per Day,weekly
PSW09,Data 7,WGRIMUS2,weekly U.S. Imports of Reformulated Motor Gasoline,U.S.,,Imports of Reformulated Motor Gasoline,Imports of Reformulated Motor Gasoline,Thousand Barrels per Day,weekly
PSW09,Data 7,WGRIM_R10-Z00_2,weekly East Coast (PADD 1) Imports of Reformulated Motor Gasoline,East Coast,,Imports of Reformulated Motor Gasoline,Imports of Reformulated Motor Gasoline,Thousand Barrels per Day,weekly
PSW09,Data 7,WGRIM_R20-Z00_2,weekly Midwest (PADD 2) Imports of Reformulated Motor Gasoline,Midwest,,Imports of Reformulated Motor Gasoline,Imports of Reformulated Motor Gasoline,Thousand Barrels per Day,weekly
PSW09,Data 7,WGRIM_R30-Z00_2,weekly Gulf Coast (PADD 3) Imports of Reformulated Motor Gasoline,Gulf Coast,,Imports of Reformulated Motor Gasoline,Imports of Reformulated Motor Gasoline,Thousand Barrels per Day,weekly
PSW09,Data 7,WGRIM_R40-Z00_2,weekly Rocky Mountain (PADD 4) Imports of Reformulated Motor Gasoline,Rocky Mountain,,Imports of Reformulated Motor Gasoline,Imports of Reformulated Motor Gasoline,Thousand Barrels per Day,weekly
PSW09,Data 7,WGRIM_R50-Z00_2,weekly West Coast (PADD 5) Imports of Reformulated Motor Gasoline,West Coast,,Imports of Reformulated Motor Gasoline,Imports of Reformulated Motor Gasoline,Thousand Barrels per Day,weekly
PSW09,Data 7,WGTIMUS2,weekly U.S. Imports of Total Gasoline,U.S.,,Imports of Total Gasoline,Imports of Total Gasoline,Thousand Barrels per Day,weekly
PSW09,Data 7,WGTIM_R10-Z00_2,weekly East Coast (PADD 1) Imports of Total Gasoline,East Coast,,Imports of Total Gasoline,Imports of Total Gasoline,Thousand Barrels per Day,weekly
PSW09,Data 7,WGTIM_R20-Z00_2,weekly Midwest (PADD 2) Imports of Total Gasoline,Midwest,,Imports of Total Gasoline,Imports of Total Gasoline,Thousand Barrels per Day,weekly
PSW09,Data 7,WGTIM_R30-Z00_2,weekly Gulf Coast (PADD 3) Imports of Total Gasoline,Gulf Coast,,Imports of Total Gasoline,Imports of Total Gasoline,Thousand Barrels per Day,weekly
PSW09,Data 7,WGTIM_R40-Z00_2,weekly Rocky Mountain (PADD 4) Imports of Total Gasoline,Rocky Mountain,,Imports of Total Gasoline,Imports of Total Gasoline,Thousand Barrels per Day,weekly
PSW09,Data 7,WGTIM_R50-Z00_2,weekly West Coast (PADD 5) Imports of Total Gasoline,West Coast,,Imports of Total Gasoline,Imports of Total Gasoline,Thousand Barrels per Day,weekly
PSW09,Data 7,WKJIMUS2,weekly U.S. Imports of Kerosene-Type Jet Fuel,U.S.,,Imports of Kerosene-Type Jet Fuel,Imports of Kerosene-Type Jet Fuel,Thousand Barrels per Day,weekly
PSW09,Data 7,WKJIM_R10-Z00_2,weekly East Coast (PADD 1) Imports of Kerosene-Type Jet Fuel,East Coast,,Imports of Kerosene-Type Jet Fuel,Imports of Kerosene-Type Jet Fuel,Thousand Barrels per Day,weekly
PSW09,Data 7,WKJIM_R20-Z00_2,weekly Midwest (PADD 2) Imports of Kerosene-Type Jet Fuel,Midwest,,Imports of Kerosene-Type Jet Fuel,Imports of Kerosene-Type Jet Fuel,Thousand Barrels per Day,weekly
PSW09,Data 7,WKJIM_R30-Z00_2,weekly Gulf Coast (PADD 3) Imports of Kerosene-Type Jet Fuel,Gulf Coast,,Imports of Kerosene-Type Jet Fuel,Imports of Kerosene-Type Jet Fuel,Thousand Barrels per Day,weekly
PSW09,Data 7,WKJIM_R40-Z00_2,weekly Rocky Mountain (PADD 4) Imports of Kerosene-Type Jet Fuel,Rocky Mountain,,Imports of Kerosene-Type Jet Fuel,Imports of Kerosene-Type Jet Fuel,Thousand Barrels per Day,weekly
PSW09,Data 7,WKJIM_R50-Z00_2,weekly West Coast (PADD 5) Imports of Kerosene-Type Jet Fuel,West Coast,,Imports of Kerosene-Type Jet Fuel,Imports of Kerosene-Type Jet Fuel,Thousand Barrels per Day,weekly
PSW09,Data 7,WO6IM_NUS-Z00_2,weekly U.S. Imports of Conventional CBOB Gasoline Blending Components,U.S.,,Imports of Conventional CBOB Gasoline Blending Components,Imports of Conventional CBOB Gasoline Blending Components,Thousand Barrels per Day,weekly
PSW09,Data 7,WO6IM_R10-Z00_2,weekly East Coast (PADD 1) Imports of Conventional CBOB Gasoline Blending Components,East Coast,,Imports of Conventional CBOB Gasoline Blending Components,Imports of Conventional CBOB Gasoline Blending Components,Thousand Barrels per Day,weekly
PSW09,Data 7,WO6IM_R20-Z00_2,weekly Midwest (PADD 2) Imports of Conventional CBOB Gasoline Blending Components,Midwest,,Imports of Conventional CBOB Gasoline Blending Components,Imports of Conventional CBOB Gasoline Blending Components,Thousand Barrels per Day,weekly
PSW09,Data 7,WO6IM_R30-Z00_2,weekly Gulf Coast (PADD 3) Imports of Conventional CBOB Gasoline Blending Components,Gulf Coast,,Imports of Conventional CBOB Gasoline Blending Components,Imports of Conventional CBOB Gasoline Blending Components,Thousand Barrels per Day,weekly
PSW09,Data 7,WO6IM_R40-Z00_2,weekly Rocky Mountain (PADD 4) Imports of Conventional CBOB Gasoline Blending Components,Rocky Mountain,,Imports of Conventional CBOB Gasoline Blending Components,Imports of Conventional CBOB Gasoline Blending Components,Thousand Barrels per Day,weekly
PSW09,Data 7,WO6IM_R50-Z00_2,weekly West Coast (PADD 5) Imports of Conventional CBOB Gasoline Blending Components,West Coast,,Imports of Conventional CBOB Gasoline Blending Components,Imports of Conventional CBOB Gasoline Blending Components,Thousand Barrels per Day,weekly
PSW09,Data 7,WO7IM_NUS-Z00_2,weekly U.S. Imports of Conventional GTAB Gasoline Blending Components,U.S.,,Imports of Conventional GTAB Gasoline Blending Components,Imports of Conventional GTAB Gasoline Blending Components,Thousand Barrels per Day,weekly
PSW09,Data 7,WO7IM_R10-Z00_2,weekly East Coast (PADD 1) Imports of Conventional GTAB Gasoline Blending Components,East Coast,,Imports of Conventional GTAB Gasoline Blending Components,Imports of Conventional GTAB Gasoline Blending Components,Thousand Barrels per Day,weekly
PSW09,Data 7,WO7IM_R20-Z00_2,weekly Midwest (PADD 2) Imports of Conventional GTAB Gasoline Blending Components,Midwest,,Imports of Conventional GTAB Gasoline Blending Components,Imports of Conventional GTAB Gasoline Blending Components,Thousand Barrels per Day,weekly
PSW09,Data 7,WO7IM_R30-Z00_2,weekly Gulf Coast (PADD 3) Imports of Conventional GTAB Gasoline Blending Components,Gulf Coast,,Imports of Conventional GTAB Gasoline Blending Components,Imports of Conventional GTAB Gasoline Blending Components,Thousand Barrels per Day,weekly
PSW09,Data 7,WO7IM_R40-Z00_2,weekly Rocky Mountain (PADD 4) Imports of Conventional GTAB Gasoline Blending Components,Rocky Mountain,,Imports of Conventional GTAB Gasoline Blending Components,Imports of Conventional GTAB Gasoline Blending Components,Thousand Barrels per Day,weekly
PSW09,Data 7,WO7IM_R50-Z00_2,weekly West Coast (PADD 5) Imports of Conventional GTAB Gasoline Blending Components,West Coast,,Imports of Conventional GTAB Gasoline Blending Components,Imports of Conventional GTAB Gasoline Blending Components,Thousand Barrels per Day,weekly
PSW09,Data 7,WO9IM_NUS-Z00_2,weekly U.S. Imports of Conventional Other Gasoline Blending Components,U.S.,,Imports of Conventional Other Gasoline Blending Components,Imports of Conventional Other Gasoline Blending Components,Thousand Barrels per Day,weekly
PSW09,Data 7,WO9IM_R10-Z00_2,weekly East Coast (PADD 1) Imports of Conventional Other Gasoline Blending Components,East Coast,,Imports of Conventional Other Gasoline Blending Components,Imports of Conventional Other Gasoline Blending Components,Thousand Barrels per Day,weekly
PSW09,Data 7,WO9IM_R20-Z00_2,weekly Midwest (PADD 2) Imports of Conventional Other Gasoline Blending Components,Midwest,,Imports of Conventional Other Gasoline Blending Components,Imports of Conventional Other Gasoline Blending Components,Thousand Barrels per Day,weekly
PSW09,Data 7,WO9IM_R30-Z00_2,weekly Gulf Coast (PADD 3) Imports of Conventional Other Gasoline Blending Components,Gulf Coast,,Imports of Conventional Other Gasoline Blending Components,Imports of Conventional Other Gasoline Blending Components,Thousand Barrels per Day,weekly
PSW09,Data 7,WO9IM_R40-Z00_2,weekly Rocky Mountain (PADD 4) Conventional Other Gasoline Blending Components Imports,Rocky Mountain,,Conventional Other Gasoline Blending Components Imports,Conventional Other Gasoline Blending Components Imports,Thousand Barrels per Day,weekly
PSW09,Data 7,WO9IM_R50-Z00_2,weekly West Coast (PADD 5) Imports of Conventional Other Gasoline Blending Components,West Coast,,Imports of Conventional Other Gasoline Blending Components,Imports of Conventional Other Gasoline Blending Components,Thousand Barrels per Day,weekly
PSW09,Data 7,WPRIMP12,weekly East Coast (PADD 1) Imports of Propane and Propylene,East Coast,,Imports of Propane and Propylene,Imports of Propane and Propylene,Thousand Barrels per Day,weekly
PSW09,Data 7,WPRIMP22,weekly Midwest (PADD 2) Imports of Propane and Propylene,Midwest,,Imports of Propane and Propylene,Imports of Propane and Propylene,Thousand Barrels per Day,weekly
PSW09,Data 7,WPRIMP32,weekly Gulf Coast (PADD 3) Imports of Propane and Propylene,Gulf Coast,,Imports of Propane and Propylene,Imports of Propane and Propylene,Thousand Barrels per Day,weekly
PSW09,Data 7,WPRIM_NUS-Z00_2,weekly U.S. Imports of Propane and Propylene,U.S.,,Imports of Propane and Propylene,Imports of Propane and Propylene,Thousand Barrels per Day,weekly
PSW09,Data 7,WREIMUS2,weekly U.S. Imports of Residual Fuel Oil,U.S.,,Imports of Residual Fuel Oil,Imports of Residual Fuel Oil,Thousand Barrels per Day,weekly
PSW09,Data 7,WREIM_R10-Z00_2,weekly East Coast (PADD 1) Imports of Residual Fuel Oil,East Coast,,Imports of Residual Fuel Oil,Imports of Residual Fuel Oil,Thousand Barrels per Day,weekly
PSW09,Data 7,WREIM_R20-Z00_2,weekly Midwest (PADD 2) Imports of Residual Fuel Oil,Midwest,,Imports of Residual Fuel Oil,Imports of Residual Fuel Oil,Thousand Barrels per Day,weekly
PSW09,Data 7,WREIM_R30-Z00_2,weekly Gulf Coast (PADD 3) Imports of Residual Fuel Oil,Gulf Coast,,Imports of Residual Fuel Oil,Imports of Residual Fuel Oil,Thousand Barrels per Day,weekly
PSW09,Data 7,WREIM_R40-Z00_2,weekly Rocky Mountain (PADD 4) Imports of Residual Fuel Oil,Rocky Mountain,,Imports of Residual Fuel Oil,Imports of Residual Fuel Oil,Thousand Barrels per Day,weekly
PSW09,Data 7,WREIM_R50-Z00_2,weekly West Coast (PADD 5) Imports of Residual Fuel Oil,West Coast,,Imports of Residual Fuel Oil,Imports of Residual Fuel Oil,Thousand Barrels per Day,weekly
PSW09,Data 7,WRPIMUS2,weekly U.S. Imports of Total Petroleum Products,U.S.,,Imports of Total Petroleum Products,Imports of Total Petroleum Products,Thousand Barrels per Day,weekly
PSW09,Data 7,WTTIMUS2,weekly U.S. Imports of Crude Oil and Petroleum Products,U.S.,,Imports of Crude Oil and Petroleum Products,Imports of Crude Oil and Petroleum Products,Thousand Barrels per Day,weekly
PSW09,Data 7,WTTIM_R10-Z00_2,weekly East Coast (PADD 1) Imports of Crude Oil and Petroleum Products,East Coast,,Imports of Crude Oil and Petroleum Products,Imports of Crude Oil and Petroleum Products,Thousand Barrels per Day,weekly
PSW09,Data 7,WTTIM_R20-Z00_2,weekly Midwest (PADD 2) Imports of Crude Oil and Petroleum Products,Midwest,,Imports of Crude Oil and Petroleum Products,Imports of Crude Oil and Petroleum Products,Thousand Barrels per Day,weekly
PSW09,Data 7,WTTIM_R30-Z00_2,weekly Gulf Coast (PADD 3) Imports of Crude Oil and Petroleum Products,Gulf Coast,,Imports of Crude Oil and Petroleum Products,Imports of Crude Oil and Petroleum Products,Thousand Barrels per Day,weekly
PSW09,Data 7,WTTIM_R40-Z00_2,weekly Rocky Mountain (PADD 4) Imports of Crude Oil and Petroleum Products,Rocky Mountain,,Imports of Crude Oil and Petroleum Products,Imports of Crude Oil and Petroleum Products,Thousand Barrels per Day,weekly
PSW09,Data 7,WTTIM_R50-Z00_2,weekly West Coast (PADD 5) Imports of Crude Oil and Petroleum Products,West Coast,,Imports of Crude Oil and Petroleum Products,Imports of Crude Oil and Petroleum Products,Thousand Barrels per Day,weekly
PSW09,Data 7,WTXIM_R10-Z00_2,weekly East Coast (PADD 1) Imports of Total Petroleum Products,East Coast,,Imports of Total Petroleum Products,Imports of Total Petroleum Products,Thousand Barrels per Day,weekly
PSW09,Data 7,WTXIM_R20-Z00_2,weekly Midwest (PADD 2) Imports of Total Petroleum Products,Midwest,,Imports of Total Petroleum Products,Imports of Total Petroleum Products,Thousand Barrels per Day,weekly
PSW09,Data 7,WTXIM_R30-Z00_2,weekly Gulf Coast (PADD 3) Imports of Total Petroleum Products,Gulf Coast,,Imports of Total Petroleum Products,Imports of Total Petroleum Products,Thousand Barrels per Day,weekly
PSW09,Data 7,WTXIM_R40-Z00_2,weekly Rocky Mountain (PADD 4) Imports of Total Petroleum Products,Rocky Mountain,,Imports of Total Petroleum Products,Imports of Total Petroleum Products,Thousand Barrels per Day,weekly
PSW09,Data 7,WTXIM_R50-Z00_2,weekly West Coast (PADD 5) Imports of Total Petroleum Products,West Coast,,Imports of Total Petroleum Products,Imports of Total Petroleum Products,Thousand Barrels per Day,weekly
PSW09,Data 7,W_EPC0_IMU_NUS-Z00_MBBLD,weekly U.S. Crude Oil Imports for SPR by Others,U.S.,,Crude Oil Imports for SPR by Others,Crude Oil Imports for SPR by Others,Thousand Barrels per Day,weekly
PSW09,Data 7,W_EPL0XP_IM0_NUS-Z00_MBBLD,weekly U.S. Imports of Liquefied Petroleum Gasses Less Propane/Propylene,U.S.,,Imports of Liquefied Petroleum Gasses Less Propane/Propylene,Imports of Liquefied Petroleum Gasses Less Propane/Propylene,Thousand Barrels per Day,weekly
PSW09,Data 7,W_EPLLPZ_IM0_R45-Z00_MBBLD,weekly Rocky Mountain (PADD 4) and West Coast (PADD 5) Imports of Propane and Propylene,Rocky Mountain,,and West Coast (PADD 5) Imports of Propane and Propylene,and West Coast (PADD 5) Imports of Propane and Propylene,Thousand Barrels per Day,weekly
PSW09,Data 7,W_EPM0CAG55_IM0_NUS-Z00_MBBLD,"weekly U.S. Imports of Motor Gasoline, Finished, Conventional, Greater than Ed55",U.S.,,"Imports of Motor Gasoline, Finished, Conventional, Greater than Ed55","Imports of Motor Gasoline, Finished, Conventional, Greater than Ed55",Thousand Barrels per Day,weekly
PSW09,Data 7,W_EPM0CAG55_IM0_R10-Z00_MBBLD,"weekly East Coast (PADD 1) Imports of Motor Gasoline, Finished, Conventional, Greater than Ed55",East Coast,,"Imports of Motor Gasoline, Finished, Conventional, Greater than Ed55","Imports of Motor Gasoline, Finished, Conventional, Greater than Ed55",Thousand Barrels per Day,weekly
PSW09,Data 7,W_EPM0CAG55_IM0_R20-Z00_MBBLD,"weekly Midwest (PADD 2) Imports of Motor Gasoline, Finished, Conventional, Greater than Ed55",Midwest,,"Imports of Motor Gasoline, Finished, Conventional, Greater than Ed55","Imports of Motor Gasoline, Finished, Conventional, Greater than Ed55",Thousand Barrels per Day,weekly
PSW09,Data 7,W_EPM0CAG55_IM0_R30-Z00_MBBLD,"weekly Gulf Coast (PADD 3) Imports of Motor Gasoline, Finished, Conventional, Greater than Ed55",Gulf Coast,,"Imports of Motor Gasoline, Finished, Conventional, Greater than Ed55","Imports of Motor Gasoline, Finished, Conventional, Greater than Ed55",Thousand Barrels per Day,weekly
PSW09,Data 7,W_EPM0CAG55_IM0_R40-Z00_MBBLD,"weekly Rocky Mountain (PADD 4) Imports of Motor Gasoline, Finished, Conventional, Greater than Ed55",Rocky Mountain,,"Imports of Motor Gasoline, Finished, Conventional, Greater than Ed55","Imports of Motor Gasoline, Finished, Conventional, Greater than Ed55",Thousand Barrels per Day,weekly
PSW09,Data 7,W_EPM0CAG55_IM0_R50-Z00_MBBLD,"weekly West Coast (PADD 5) Imports of Motor Gasoline, Finished, Conventional, Greater than Ed55",West Coast,,"Imports of Motor Gasoline, Finished, Conventional, Greater than Ed55","Imports of Motor Gasoline, Finished, Conventional, Greater than Ed55",Thousand Barrels per Day,weekly
PSW09,Data 7,W_EPM0CAL55_IM0_NUS-Z00_MBBLD,"weekly U.S. Imports of Motor Gasoline, Finished, Conventional, Ed55 and Lower",U.S.,,"Imports of Motor Gasoline, Finished, Conventional, Ed55 and Lower","Imports of Motor Gasoline, Finished, Conventional, Ed55 and Lower",Thousand Barrels per Day,weekly
PSW09,Data 7,W_EPM0CAL55_IM0_R10-Z00_MBBLD,"weekly East Coast (PADD 1) Imports of Motor Gasoline, Finished, Conventional, Ed55 and Lower",East Coast,,"Imports of Motor Gasoline, Finished, Conventional, Ed55 and Lower","Imports of Motor Gasoline, Finished, Conventional, Ed55 and Lower",Thousand Barrels per Day,weekly
PSW09,Data 7,W_EPM0CAL55_IM0_R20-Z00_MBBLD,"weekly Midwest (PADD 2) Imports of Motor Gasoline, Finished, Conventional, Ed55 and Lower",Midwest,,"Imports of Motor Gasoline, Finished, Conventional, Ed55 and Lower","Imports of Motor Gasoline, Finished, Conventional, Ed55 and Lower",Thousand Barrels per Day,weekly
PSW09,Data 7,W_EPM0CAL55_IM0_R30-Z00_MBBLD,"weekly Gulf Coast (PADD 3) Imports of Motor Gasoline, Finished, Conventional, Ed55 and Lower",Gulf Coast,,"Imports of Motor Gasoline, Finished, Conventional, Ed55 and Lower","Imports of Motor Gasoline, Finished, Conventional, Ed55 and Lower",Thousand Barrels per Day,weekly
PSW09,Data 7,W_EPM0CAL55_IM0_R40-Z00_MBBLD,"weekly Rocky Mountain (PADD 4) Imports of Motor Gasoline, Finished, Conventional, Ed55 and Lower",Rocky Mountain,,"Imports of Motor Gasoline, Finished, Conventional, Ed55 and Lower","Imports of Motor Gasoline, Finished, Conventional, Ed55 and Lower",Thousand Barrels per Day,weekly
PSW09,Data 7,W_EPM0CAL55_IM0_R50-Z00_MBBLD,"weekly West Coast (PADD 5) Imports from of Motor Gasoline, Finished, Conventional, Ed55 and Lower",West Coast,,"Imports from of Motor Gasoline, Finished, Conventional, Ed55 and Lower","Imports from of Motor Gasoline, Finished, Conventional, Ed55 and Lower",Thousand Barrels per Day,weekly
PSW09,Data 7,W_EPM0F_IM0_NUS-Z00_MBBLD,weekly U.S. Imports of Finished Motor Gasoline,U.S.,,Imports of Finished Motor Gasoline,Imports of Finished Motor Gasoline,Thousand Barrels per Day,weekly
PSW09,Data 7,W_EPM0F_IM0_R10-Z00_MBBLD,weekly East Coast (PADD 1) Imports of Finished Motor Gasoline,East Coast,,Imports of Finished Motor Gasoline,Imports of Finished Motor Gasoline,Thousand Barrels per Day,weekly
PSW09,Data 7,W_EPM0F_IM0_R20-Z00_MBBLD,weekly Midwest (PADD 2) Imports of Finished Motor Gasoline,Midwest,,Imports of Finished Motor Gasoline,Imports of Finished Motor Gasoline,Thousand Barrels per Day,weekly
PSW09,Data 7,W_EPM0F_IM0_R30-Z00_MBBLD,weekly Gulf Coast (PADD 3) Imports of Finished Motor Gasoline,Gulf Coast,,Imports of Finished Motor Gasoline,Imports of Finished Motor Gasoline,Thousand Barrels per Day,weekly
PSW09,Data 7,W_EPM0F_IM0_R40-Z00_MBBLD,weekly Rocky Mountain (PADD 4) Imports of Finished Motor Gasoline,Rocky Mountain,,Imports of Finished Motor Gasoline,Imports of Finished Motor Gasoline,Thousand Barrels per Day,weekly
PSW09,Data 7,W_EPM0F_IM0_R50-Z00_MBBLD,weekly West Coast (PADD 5) Imports of Finished Motor Gasoline,West Coast,,Imports of Finished Motor Gasoline,Imports of Finished Motor Gasoline,Thousand Barrels per Day,weekly
PSW09,Data 7,W_EPM0RO_IM0_NUS-Z00_MBBLD,weekly U.S. Imports of Other Reformulated Motor Gasoline,U.S.,,Imports of Other Reformulated Motor Gasoline,Imports of Other Reformulated Motor Gasoline,Thousand Barrels per Day,weekly
PSW09,Data 7,W_EPM0RO_IM0_R10-Z00_MBBLD,weekly East Coast (PADD 1) Imports of Other Reformulated Motor Gasoline,East Coast,,Imports of Other Reformulated Motor Gasoline,Imports of Other Reformulated Motor Gasoline,Thousand Barrels per Day,weekly
PSW09,Data 7,W_EPM0RO_IM0_R20-Z00_MBBLD,weekly Midwest (PADD 2) Imports of Other Reformulated Motor Gasoline,Midwest,,Imports of Other Reformulated Motor Gasoline,Imports of Other Reformulated Motor Gasoline,Thousand Barrels per Day,weekly
PSW09,Data 7,W_EPM0RO_IM0_R30-Z00_MBBLD,weekly Gulf Coast (PADD 3) Imports of Other Reformulated Motor Gasoline,Gulf Coast,,Imports of Other Reformulated Motor Gasoline,Imports of Other Reformulated Motor Gasoline,Thousand Barrels per Day,weekly
PSW09,Data 7,W_EPM0RO_IM0_R40-Z00_MBBLD,weekly Rocky Mountain (PADD 4) Imports of Other Reformulated Motor Gasoline,Rocky Mountain,,Imports of Other Reformulated Motor Gasoline,Imports of Other Reformulated Motor Gasoline,Thousand Barrels per Day,weekly
PSW09,Data 7,W_EPM0RO_IM0_R50-Z00_MBBLD,weekly West Coast (PADD 5) Imports of Other Reformulated Motor Gasoline,West Coast,,Imports of Other Reformulated Motor Gasoline,Imports of Other Reformulated Motor Gasoline,Thousand Barrels per Day,weekly
PSW09,Data 7,W_EPOBGRR_IM0_NUS-Z00_MBBLD,"weekly U.S. Imports from All Countries of Motor Gasoline Blending Components, RBOB",U.S.,,"Imports from All Countries of Motor Gasoline Blending Components, RBOB","Imports from All Countries of Motor Gasoline Blending Components, RBOB",Thousand Barrels per Day,weekly
PSW09,Data 7,W_EPOBGRR_IM0_R10-Z00_MBBLD,"weekly East Coast (PADD 1) Imports from All Countries of Motor Gasoline Blending Components, RBOB",East Coast,,"Imports from All Countries of Motor Gasoline Blending Components, RBOB","Imports from All Countries of Motor Gasoline Blending Components, RBOB",Thousand Barrels per Day,weekly
PSW09,Data 7,W_EPOBGRR_IM0_R20-Z00_MBBLD,"weekly Midwest (PADD 2) Imports from All Countries of Motor Gasoline Blending Components, RBOB",Midwest,,"Imports from All Countries of Motor Gasoline Blending Components, RBOB","Imports from All Countries of Motor Gasoline Blending Components, RBOB",Thousand Barrels per Day,weekly
PSW09,Data 7,W_EPOBGRR_IM0_R30-Z00_MBBLD,"weekly Gulf Coast (PADD 3) Imports from All Countries of Motor Gasoline Blending Components, RBOB",Gulf Coast,,"Imports from All Countries of Motor Gasoline Blending Components, RBOB","Imports from All Countries of Motor Gasoline Blending Components, RBOB",Thousand Barrels per Day,weekly
PSW09,Data 7,W_EPOBGRR_IM0_R40-Z00_MBBLD,weekly Rocky Mountain (PADD 4) Imports from All Countries of Motor Gasoline Blending Components Reformulated RBOB,Rocky Mountain,,Imports from All Countries of Motor Gasoline Blending Components Reformulated RBOB,Imports from All Countries of Motor Gasoline Blending Components Reformulated RBOB,Thousand Barrels per Day,weekly
PSW09,Data 7,W_EPOBGRR_IM0_R50-Z00_MBBLD,"weekly West Coast (PADD 5) Imports from All Countries of Motor Gasoline Blending Components, RBOB",West Coast,,"Imports from All Countries of Motor Gasoline Blending Components, RBOB","Imports from All Countries of Motor Gasoline Blending Components, RBOB",Thousand Barrels per Day,weekly
PSW09,Data 7,W_EPOOXE_IM0_NUS-Z00_MBBLD,weekly U.S. Imports of Fuel Ethanol,U.S.,,Imports of Fuel Ethanol,Imports of Fuel Ethanol,Thousand Barrels per Day,weekly
PSW09,Data 7,W_EPOOXE_IM0_R10-Z00_MBBLD,weekly East Coast (PADD 1) Imports of Fuel Ethanol,East Coast,,Imports of Fuel Ethanol,Imports of Fuel Ethanol,Thousand Barrels per Day,weekly
PSW09,Data 7,W_EPOOXE_IM0_R20-Z00_MBBLD,weekly Midwest (PADD 2) Imports of Fuel Ethanol,Midwest,,Imports of Fuel Ethanol,Imports of Fuel Ethanol,Thousand Barrels per Day,weekly
PSW09,Data 7,W_EPOOXE_IM0_R30-Z00_MBBLD,weekly Gulf Coast (PADD 3) Imports of Fuel Ethanol,Gulf Coast,,Imports of Fuel Ethanol,Imports of Fuel Ethanol,Thousand Barrels per Day,weekly
PSW09,Data 7,W_EPOOXE_IM0_R40-Z00_MBBLD,weekly Rocky Mountain (PADD 4) Imports of Fuel Ethanol,Rocky Mountain,,Imports of Fuel Ethanol,Imports of Fuel Ethanol,Thousand Barrels per Day,weekly
PSW09,Data 7,W_EPOOXE_IM0_R50-Z00_MBBLD,weekly West Coast (PADD 5) Imports of Fuel Ethanol,West Coast,,Imports of Fuel Ethanol,Imports of Fuel Ethanol,Thousand Barrels per Day,weekly
PSW09,Data 7,W_EPPK_IM0_NUS-Z00_MBBLD,weekly U.S. Imports of Kerosene,U.S.,,Imports of Kerosene,Imports of Kerosene,Thousand Barrels per Day,weekly
PSW09,Data 7,W_EPPO6_IM0_NUS-Z00_MBBLD,weekly U.S. Imports of Other Oils (Excluding Fuel Ethanol),U.S.,,Imports of Other Oils (Excluding Fuel Ethanol),Imports of Other Oils (Excluding Fuel Ethanol),Thousand Barrels per Day,weekly
PSW09,Data 7,W_EPPO6_IM0_R10-Z00_MBBLD,weekly East Coast (PADD 1) Imports of Other Oils (Excluding Fuel Ethanol),East Coast,,Imports of Other Oils (Excluding Fuel Ethanol),Imports of Other Oils (Excluding Fuel Ethanol),Thousand Barrels per Day,weekly
PSW09,Data 7,W_EPPO6_IM0_R20-Z00_MBBLD,weekly Midwest (PADD 2) Imports of Other Oils (Excluding Fuel Ethanol),Midwest,,Imports of Other Oils (Excluding Fuel Ethanol),Imports of Other Oils (Excluding Fuel Ethanol),Thousand Barrels per Day,weekly
PSW09,Data 7,W_EPPO6_IM0_R30-Z00_MBBLD,weekly Gulf Coast (PADD 3) Imports of Other Oils (Excluding Fuel Ethanol),Gulf Coast,,Imports of Other Oils (Excluding Fuel Ethanol),Imports of Other Oils (Excluding Fuel Ethanol),Thousand Barrels per Day,weekly
PSW09,Data 7,W_EPPO6_IM0_R40-Z00_MBBLD,weekly Rocky Mountain (PADD 4) Imports of Other Oils (Excluding Fuel Ethanol),Rocky Mountain,,Imports of Other Oils (Excluding Fuel Ethanol),Imports of Other Oils (Excluding Fuel Ethanol),Thousand Barrels per Day,weekly
PSW09,Data 7,W_EPPO6_IM0_R50-Z00_MBBLD,weekly West Coast (PADD 5) Imports of Other Oils (Excluding Fuel Ethanol),West Coast,,Imports of Other Oils (Excluding Fuel Ethanol),Imports of Other Oils (Excluding Fuel Ethanol),Thousand Barrels per Day,weekly
PSW09,Data 8,WCREXUS2,weekly U.S. Exports of Crude Oil,U.S.,,Exports of Crude Oil,Exports of Crude Oil,Thousand Barrels per Day,weekly
PSW09,Data 8,WDIEXUS2,weekly U.S. Exports of Total Distillate,U.S.,,Exports of Total Distillate,Exports of Total Distillate,Thousand Barrels per Day,weekly
PSW09,Data 8,WKJEXUS2,weekly U.S. Exports of Kerosene-Type Jet Fuel,U.S.,,Exports of Kerosene-Type Jet Fuel,Exports of Kerosene-Type Jet Fuel,Thousand Barrels per Day,weekly
PSW09,Data 8,WREEXUS2,weekly U.S. Exports of Residual Fuel Oil,U.S.,,Exports of Residual Fuel Oil,Exports of Residual Fuel Oil,Thousand Barrels per Day,weekly
PSW09,Data 8,WRPEXUS2,weekly U.S. Exports of Total Petroleum Products,U.S.,,Exports of Total Petroleum Products,Exports of Total Petroleum Products,Thousand Barrels per Day,weekly
PSW09,Data 8,WTTEXUS2,weekly U.S. Exports of Crude Oil and Petroleum Products,U.S.,,Exports of Crude Oil and Petroleum Products,Exports of Crude Oil and Petroleum Products,Thousand Barrels per Day,weekly
PSW09,Data 8,W_EPLLPZ_EEX_NUS-Z00_MBBLD,weekly U.S. Exports of Propane,U.S.,,Exports of Propane,Exports of Propane,Thousand Barrels per Day,weekly
PSW09,Data 8,W_EPM0F_EEX_NUS-Z00_MBBLD,weekly U.S. Exports of Total Motor Gasoline,U.S.,,Exports of Total Motor Gasoline,Exports of Total Motor Gasoline,Thousand Barrels per Day,weekly
PSW09,Data 8,W_EPOOXE_EEX_NUS-Z00_MBBLD,weekly U.S. Exports of Fuel Ethanol,U.S.,,Exports of Fuel Ethanol,Exports of Fuel Ethanol,Thousand Barrels per Day,weekly
PSW09,Data 8,W_EPPO4_EEX_NUS-Z00_MBBLD,weekly U.S. Exports of Other Oils,U.S.,,Exports of Other Oils,Exports of Other Oils,Thousand Barrels per Day,weekly
PSW09,Data 9,WCRNTUS2,weekly U.S. Net Imports of Crude Oil,U.S.,,Net Imports of Crude Oil,Net Imports of Crude Oil,Thousand Barrels per Day,weekly
PSW09,Data 9,WRPNTUS2,weekly U.S. Net Imports of Total Petroleum Products,U.S.,,Net Imports of Total Petroleum Products,Net Imports of Total Petroleum Products,Thousand Barrels per Day,weekly
PSW09,Data 9,WTTNTUS2,weekly U.S. Net Imports of Crude Oil and Petroleum Products,U.S.,,Net Imports of Crude Oil and Petroleum Products,Net Imports of Crude Oil and Petroleum Products,Thousand Barrels per Day,weekly
R10,Data 5,WO3ST_R10_1,weekly East Coast (PADD 1) Ending Stocks of Reformulated RBOB with Alcohol Gasoline Blending Components,East Coast,,Ending Stocks of Reformulated RBOB with Alcohol Gasoline Blending Components,Ending Stocks of Reformulated RBOB with Alcohol Gasoline Blending Components,Thousand Barrels,weekly
R10,Data 5,WO4ST_R10_1,weekly East Coast (PADD 1) Ending Stocks of Reformulated RBOB with Ether Gasoline Blending Components,East Coast,,Ending Stocks of Reformulated RBOB with Ether Gasoline Blending Components,Ending Stocks of Reformulated RBOB with Ether Gasoline Blending Components,Thousand Barrels,weekly
R10,Data 5,W_EPC0_SAX_R10_MBBL,weekly East Coast (PADD 1) Ending Stocks and including Lease Stock excluding SPR of Crude Oil,East Coast,,Ending Stocks and including Lease Stock excluding SPR of Crude Oil,Ending Stocks and including Lease Stock excluding SPR of Crude Oil,Thousand Barrels,weekly
R10,Data 5,W_EPLLPZ_SAE_R10_MBBL,weekly East Coast (PADD 1) Ending Stocks of Propane and Propylene,East Coast,,Ending Stocks of Propane and Propylene,Ending Stocks of Propane and Propylene,Thousand Barrels,weekly
R10,Data 6,WO3IM_R10-Z00_2,weekly East Coast (PADD 1) Imports of Reformulated RBOB with Alcohol Gasoline Blending Components,East Coast,,Imports of Reformulated RBOB with Alcohol Gasoline Blending Components,Imports of Reformulated RBOB with Alcohol Gasoline Blending Components,Thousand Barrels per Day,weekly
R10,Data 6,WO4IM_R10-Z00_2,weekly East Coast (PADD 1) Imports of Reformulated RBOB with Ether Gasoline Blending Components,East Coast,,Imports of Reformulated RBOB with Ether Gasoline Blending Components,Imports of Reformulated RBOB with Ether Gasoline Blending Components,Thousand Barrels per Day,weekly
R1X,Data 1,WPRNP1A2,"weekly New England (PADD 1A) Refiner, Blender, and Gas Plant Net Production of Propane and Propylene",,,"New England (PADD 1A) Refiner, Blender, and Gas Plant Net Production of Propane and Propylene","New England (PADD 1A) Refiner, Blender, and Gas Plant Net Production of Propane and Propylene",Thousand Barrels per Day,weekly
R1X,Data 2,W_EPLLPZ_SAE_R1X_MBBL,weekly New England (PADD 1A) Ending Stocks of Propane and Propylene,,,New England (PADD 1A) Ending Stocks of Propane and Propylene,New England (PADD 1A) Ending Stocks of Propane and Propylene,Thousand Barrels,weekly
R1X,Data 3,WD2IM_R1X-Z00_2,"weekly New England (PADD 1A ) Imports of Distillate Fuel Oil, Greater than 500 to 2000 ppm Sulfur",,,"New England (PADD 1A ) Imports of Distillate Fuel Oil, Greater than 500 to 2000 ppm Sulfur","New England (PADD 1A ) Imports of Distillate Fuel Oil, Greater than 500 to 2000 ppm Sulfur",Thousand Barrels per Day,weekly
R1X,Data 3,WD3IM_R1X-Z00_2,"weekly New England (PADD 1A ) Imports of Distillate Fuel Oil, Greater than 2000 ppm Sulfur",,,"New England (PADD 1A ) Imports of Distillate Fuel Oil, Greater than 2000 ppm Sulfur","New England (PADD 1A ) Imports of Distillate Fuel Oil, Greater than 2000 ppm Sulfur",Thousand Barrels per Day,weekly
R1Y,Data 1,WPRNP1B2,"weekly Central Atlantic (PADD 1B) Refiner, Blender, and Gas Plant Net Production of Propane and Propylene",,,"Central Atlantic (PADD 1B) Refiner, Blender, and Gas Plant Net Production of Propane and Propylene","Central Atlantic (PADD 1B) Refiner, Blender, and Gas Plant Net Production of Propane and Propylene",Thousand Barrels per Day,weekly
R1Y,Data 2,W_EPLLPZ_SAE_R1Y_MBBL,weekly Central Atlantic (PADD 1B) Ending Stocks of Propane and Propylene,,,Central Atlantic (PADD 1B) Ending Stocks of Propane and Propylene,Central Atlantic (PADD 1B) Ending Stocks of Propane and Propylene,Thousand Barrels,weekly
R1Y,Data 3,WD2IM_R1Y-Z00_2,"weekly Central Atlantic (PADD 1B) Imports of Distillate Fuel Oil, Greater than 500 to 2000 ppm Sulfur",,,"Central Atlantic (PADD 1B) Imports of Distillate Fuel Oil, Greater than 500 to 2000 ppm Sulfur","Central Atlantic (PADD 1B) Imports of Distillate Fuel Oil, Greater than 500 to 2000 ppm Sulfur",Thousand Barrels per Day,weekly
R1Y,Data 3,WD3IM_R1Y-Z00_2,"weekly Central Atlantic (PADD 1B) Imports of Distillate Fuel Oil, Greater than 2000 ppm Sulfur",,,"Central Atlantic (PADD 1B) Imports of Distillate Fuel Oil, Greater than 2000 ppm Sulfur","Central Atlantic (PADD 1B) Imports of Distillate Fuel Oil, Greater than 2000 ppm Sulfur",Thousand Barrels per Day,weekly
R1Z,Data 1,WPRNP1C2,"weekly Lower Atlantic (PADD 1C) Refiner, Blender, and Gas Plant Net Production of Propane and Propylene",,,"Lower Atlantic (PADD 1C) Refiner, Blender, and Gas Plant Net Production of Propane and Propylene","Lower Atlantic (PADD 1C) Refiner, Blender, and Gas Plant Net Production of Propane and Propylene",Thousand Barrels per Day,weekly
R1Z,Data 2,W_EPLLPZ_SAE_R1Z_MBBL,weekly Lower Atlantic (PADD 1C) Ending Stocks of Propane and Propylene,,,Lower Atlantic (PADD 1C) Ending Stocks of Propane and Propylene,Lower Atlantic (PADD 1C) Ending Stocks of Propane and Propylene,Thousand Barrels,weekly
R1Z,Data 3,WD2IM_R1Z-Z00_2,"weekly Lower Atlantic (PADD 1C) Imports of Distillate Fuel Oil, Greater than 500 to 2000 ppm Sulfur",,,"Lower Atlantic (PADD 1C) Imports of Distillate Fuel Oil, Greater than 500 to 2000 ppm Sulfur","Lower Atlantic (PADD 1C) Imports of Distillate Fuel Oil, Greater than 500 to 2000 ppm Sulfur",Thousand Barrels per Day,weekly
R1Z,Data 3,WD3IM_R1Z-Z00_2,"weekly Lower Atlantic (PADD 1C) Imports of Distillate Fuel Oil, Greater than 2000 ppm Sulfur",,,"Lower Atlantic (PADD 1C) Imports of Distillate Fuel Oil, Greater than 2000 ppm Sulfur","Lower Atlantic (PADD 1C) Imports of Distillate Fuel Oil, Greater than 2000 ppm Sulfur",Thousand Barrels per Day,weekly
R20,Data 5,WO3ST_R20_1,weekly Midwest (PADD 2) Ending Stocks of Reformulated RBOB with Alcohol Gasoline Blending Components,Midwest,,Ending Stocks of Reformulated RBOB with Alcohol Gasoline Blending Components,Ending Stocks of Reformulated RBOB with Alcohol Gasoline Blending Components,Thousand Barrels,weekly
R20,Data 5,WO4ST_R20_1,weekly Midwest (PADD 2) Ending Stocks of Reformulated RBOB with Ether Gasoline Blending Components,Midwest,,Ending Stocks of Reformulated RBOB with Ether Gasoline Blending Components,Ending Stocks of Reformulated RBOB with Ether Gasoline Blending Components,Thousand Barrels,weekly
R20,Data 5,W_EPC0_SAX_R20_MBBL,weekly Midwest (PADD 2) Ending Stocks and including Lease Stock excluding SPR of Crude Oil,Midwest,,Ending Stocks and including Lease Stock excluding SPR of Crude Oil,Ending Stocks and including Lease Stock excluding SPR of Crude Oil,Thousand Barrels,weekly
R20,Data 5,W_EPLLPZ_SAE_R20_MBBL,weekly Midwest (PADD 2) Ending Stocks of Propane and Propylene,Midwest,,Ending Stocks of Propane and Propylene,Ending Stocks of Propane and Propylene,Thousand Barrels,weekly
R20,Data 6,WO3IM_R20-Z00_2,weekly Midwest (PADD 2) Imports of Reformulated RBOB with Alcohol Gasoline Blending Components,Midwest,,Imports of Reformulated RBOB with Alcohol Gasoline Blending Components,Imports of Reformulated RBOB with Alcohol Gasoline Blending Components,Thousand Barrels per Day,weekly
R20,Data 6,WO4IM_R20-Z00_2,weekly Midwest (PADD 2) RBOB with Ether Gasoline Blending Components Imports,Midwest,,RBOB with Ether Gasoline Blending Components Imports,RBOB with Ether Gasoline Blending Components Imports,Thousand Barrels per Day,weekly
R30,Data 5,WO3ST_R30_1,weekly Gulf Coast (PADD 3) Ending Stocks of Reformulated RBOB with Alcohol Gasoline Blending Components,Gulf Coast,,Ending Stocks of Reformulated RBOB with Alcohol Gasoline Blending Components,Ending Stocks of Reformulated RBOB with Alcohol Gasoline Blending Components,Thousand Barrels,weekly
R30,Data 5,WO4ST_R30_1,weekly Gulf Coast (PADD 3) Ending Stocks of Reformulated RBOB with Ether Gasoline Blending Components,Gulf Coast,,Ending Stocks of Reformulated RBOB with Ether Gasoline Blending Components,Ending Stocks of Reformulated RBOB with Ether Gasoline Blending Components,Thousand Barrels,weekly
R30,Data 5,W_EPC0_SAX_R30_MBBL,weekly Gulf Coast (PADD 3) Ending Stocks and including Lease Stock excluding SPR of Crude Oil,Gulf Coast,,Ending Stocks and including Lease Stock excluding SPR of Crude Oil,Ending Stocks and including Lease Stock excluding SPR of Crude Oil,Thousand Barrels,weekly
R30,Data 5,W_EPLLPZ_SAE_R30_MBBL,weekly Gulf Coast (PADD 3) Ending Stocks of Propane and Propylene,Gulf Coast,,Ending Stocks of Propane and Propylene,Ending Stocks of Propane and Propylene,Thousand Barrels,weekly
R30,Data 6,WO3IM_R30-Z00_2,weekly Gulf Coast (PADD 3) Imports of Reformulated RBOB with Alcohol Gasoline Blending Components,Gulf Coast,,Imports of Reformulated RBOB with Alcohol Gasoline Blending Components,Imports of Reformulated RBOB with Alcohol Gasoline Blending Components,Thousand Barrels per Day,weekly
R30,Data 6,WO4IM_R30-Z00_2,weekly Gulf Coast (PADD 3) Imports of Reformulated RBOB with Ether Gasoline Blending Components,Gulf Coast,,Imports of Reformulated RBOB with Ether Gasoline Blending Components,Imports of Reformulated RBOB with Ether Gasoline Blending Components,Thousand Barrels per Day,weekly
R40,Data 5,WO3ST_R40_1,weekly Rocky Mountain (PADD 4) Ending Stocks of Reformulated RBOB with Alcohol Gasoline Blending Components,Rocky Mountain,,Ending Stocks of Reformulated RBOB with Alcohol Gasoline Blending Components,Ending Stocks of Reformulated RBOB with Alcohol Gasoline Blending Components,Thousand Barrels,weekly
R40,Data 5,WO4ST_R40_1,weekly Rocky Mountain (PADD 4) RBOB with Ether Gasoline Blending Components Ending Stocks,Rocky Mountain,,RBOB with Ether Gasoline Blending Components Ending Stocks,RBOB with Ether Gasoline Blending Components Ending Stocks,Thousand Barrels,weekly
R40,Data 5,W_EPC0_SAX_R40_MBBL,weekly Rocky Mountain (PADD 4) Ending Stocks and including Lease Stock excluding SPR of Crude Oil,Rocky Mountain,,Ending Stocks and including Lease Stock excluding SPR of Crude Oil,Ending Stocks and including Lease Stock excluding SPR of Crude Oil,Thousand Barrels,weekly
R40,Data 6,WO3IM_R40-Z00_2,weekly Rocky Mountain (PADD 4) RBOB with Alcohol Gasoline Blending Components Imports,Rocky Mountain,,RBOB with Alcohol Gasoline Blending Components Imports,RBOB with Alcohol Gasoline Blending Components Imports,Thousand Barrels per Day,weekly
R40,Data 6,WO4IM_R40-Z00_2,weekly Rocky Mountain (PADD 4) RBOB with Ether Gasoline Blending Components Imports,Rocky Mountain,,RBOB with Ether Gasoline Blending Components Imports,RBOB with Ether Gasoline Blending Components Imports,Thousand Barrels per Day,weekly
R50,Data 5,WO3ST_R50_1,weekly West Coast (PADD 5) Ending Stocks of Reformulated RBOB with Alcohol Gasoline Blending Components,West Coast,,Ending Stocks of Reformulated RBOB with Alcohol Gasoline Blending Components,Ending Stocks of Reformulated RBOB with Alcohol Gasoline Blending Components,Thousand Barrels,weekly
R50,Data 5,WO4ST_R50_1,weekly West Coast (PADD 5) Ending Stocks of Reformulated RBOB with Ether Gasoline Blending Components,West Coast,,Ending Stocks of Reformulated RBOB with Ether Gasoline Blending Components,Ending Stocks of Reformulated RBOB with Ether Gasoline Blending Components,Thousand Barrels,weekly
R50,Data 5,W_EPC0_SAX_R50_MBBL,weekly West Coast (PADD 5) Ending Stocks and including Lease Stock excluding SPR of Crude Oil,West Coast,,Ending Stocks and including Lease Stock excluding SPR of Crude Oil,Ending Stocks and including Lease Stock excluding SPR of Crude Oil,Thousand Barrels,weekly
R50,Data 6,WO3IM_R50-Z00_2,weekly West Coast (PADD 5) Imports of Reformulated RBOB with Alcohol Gasoline Blending Components,West Coast,,Imports of Reformulated RBOB with Alcohol Gasoline Blending Components,Imports of Reformulated RBOB with Alcohol Gasoline Blending Components,Thousand Barrels per Day,weekly
R50,Data 6,WO4IM_R50-Z00_2,weekly West Coast (PADD 5) RBOB with Ether Gasoline Blending Components Imports,West Coast,,RBOB with Ether Gasoline Blending Components Imports,RBOB with Ether Gasoline Blending Components Imports,Thousand Barrels per Day,weekly
